Date,Open,High,Low,Close,Volume
2019-01-04,737.299,745.323,734.637,742.652,274805.0
2019-01-07,769.396,798.822,768.506,790.797,291517.0
2019-01-08,802.393,813.089,791.688,812.189,302397.0
2019-01-09,815.77,821.103,800.612,803.274,270767.0
2019-01-10,805.065,861.234,802.393,829.128,586511.0
2019-01-11,887.078,887.078,855.882,874.602,800748.0
2019-01-15,866.577,877.283,848.738,851.419,447539.0
2019-01-16,853.2,866.577,840.724,861.234,226798.0
2019-01-17,838.052,853.2,838.052,843.405,304416.0
2019-01-18,838.943,852.31,826.456,837.162,358479.0
2019-01-21,857.663,875.492,855.882,862.115,233080.0
2019-01-22,862.115,871.92,853.2,862.115,194831.0
2019-01-23,855.001,881.735,855.001,870.139,244296.0
2019-01-24,870.139,882.626,868.368,878.173,153105.0
2019-01-25,891.531,905.808,888.869,894.212,286021.0
2019-01-28,891.531,899.574,887.078,891.531,107453.0
2019-01-29,887.978,897.793,885.297,896.003,213001.0
2019-01-30,899.574,903.127,887.978,887.978,267961.0
2019-01-31,896.003,913.832,896.003,909.38,301164.0
2019-02-01,909.38,909.38,895.102,899.574,170715.0
2019-02-04,904.917,914.713,903.127,906.698,166565.0
2019-02-05,912.041,914.713,900.465,905.808,204252.0
2019-02-06,936.114,970.892,929.881,954.844,436546.0
2019-02-07,954.844,964.649,948.601,963.758,249007.0
2019-02-08,945.929,948.601,934.333,939.686,246874.0
2019-02-12,927.209,941.467,926.309,937.895,160508.0
2019-02-13,943.258,952.172,933.443,939.686,174753.0
2019-02-14,958.406,968.221,954.844,957.506,418601.0
2019-02-15,953.944,963.758,945.929,949.491,329205.0
2019-02-18,960.196,960.196,936.114,936.114,319222.0
2019-02-19,932.542,934.333,913.832,925.428,225002.0
2019-02-20,933.443,942.357,930.771,936.114,262129.0
2019-02-21,931.662,944.138,931.662,940.586,226573.0
2019-02-22,931.662,932.542,916.494,917.394,119118.0
2019-02-25,927.209,932.542,916.494,925.428,146936.0
2019-02-26,923.637,926.309,913.832,920.075,147609.0
2019-02-27,929.881,935.224,918.294,919.185,140992.0
2019-02-28,918.294,919.185,903.127,909.38,166789.0
2019-03-01,908.479,922.747,908.479,914.713,108126.0
2019-03-04,924.528,928.09,913.832,925.428,121362.0
2019-03-05,927.209,937.005,920.966,921.856,155235.0
2019-03-06,920.075,920.075,902.246,914.713,148731.0
2019-03-07,905.808,906.698,887.978,889.759,146037.0
2019-03-08,880.845,887.078,876.392,877.283,193709.0
2019-03-11,877.283,887.078,872.821,885.297,119792.0
2019-03-12,888.869,900.465,887.078,891.531,181482.0
2019-03-13,891.531,897.793,885.297,896.893,183951.0
2019-03-14,904.027,913.832,887.078,887.978,120353.0
2019-03-15,885.297,895.102,884.416,894.212,213674.0
2019-03-18,898.674,908.479,893.321,908.479,100051.0
2019-03-19,916.494,923.637,905.808,921.856,158040.0
2019-03-20,928.09,930.771,917.394,926.309,159946.0
2019-03-22,920.075,927.209,914.713,918.294,151872.0
2019-03-25,904.917,907.589,890.65,896.003,249007.0
2019-03-26,899.574,921.856,899.574,913.832,306436.0
2019-03-27,918.294,922.747,904.917,916.494,109810.0
2019-03-28,897.793,902.246,887.978,887.978,203467.0
2019-03-29,890.65,897.793,886.197,892.431,165219.0
2019-04-01,895.102,904.917,894.212,896.893,203579.0
2019-04-02,901.346,912.932,899.574,904.027,166565.0
2019-04-03,890.65,895.102,883.516,891.531,304416.0
2019-04-04,894.212,903.127,890.65,897.793,177333.0
2019-04-05,892.431,905.808,886.197,890.65,243959.0
2019-04-08,863.906,880.845,841.614,859.453,552638.0
2019-04-09,855.001,859.453,841.614,843.405,411982.0
2019-04-10,839.833,841.614,830.028,836.271,267513.0
2019-04-11,836.271,846.067,833.6,838.943,328083.0
2019-04-12,841.614,844.286,824.675,829.128,370818.0
2019-04-15,836.271,852.31,835.381,852.31,513492.0
2019-04-16,851.419,862.115,846.067,855.882,218945.0
2019-04-17,852.31,855.882,848.738,851.419,168136.0
2019-04-18,846.067,846.967,832.69,836.271,199878.0
2019-04-19,839.833,845.186,834.49,835.381,99378.0
2019-04-22,838.052,855.001,836.271,850.529,213337.0
2019-04-23,842.505,854.091,835.381,839.833,184624.0
2019-04-24,833.6,838.943,823.785,823.785,223096.0
2019-04-25,819.322,828.237,815.77,823.785,175090.0
2019-04-26,820.223,822.894,812.189,822.004,127981.0
2019-05-07,822.004,826.456,801.493,806.846,304528.0
2019-05-08,794.369,796.14,783.664,786.335,222983.0
2019-05-09,789.897,791.688,762.262,764.053,412655.0
2019-05-10,758.7,775.639,757.81,763.163,348946.0
2019-05-13,756.919,766.715,751.576,756.919,200440.0
2019-05-14,743.542,758.7,731.966,756.919,175090.0
2019-05-15,765.834,767.615,751.576,760.481,287927.0
2019-05-16,761.382,762.262,748.885,761.382,263364.0
2019-05-17,772.978,782.773,769.396,774.749,205262.0
2019-05-20,776.53,781.883,766.715,772.077,200214.0
2019-05-21,769.396,773.858,761.382,768.506,149628.0
2019-05-22,773.858,780.992,769.396,780.102,141327.0
2019-05-23,774.749,776.53,763.163,764.934,153105.0
2019-05-24,761.382,797.04,758.7,794.369,234985.0
2019-05-27,800.612,811.298,798.822,809.517,185744.0
2019-05-28,817.541,819.322,810.408,819.322,191353.0
2019-05-29,811.298,813.089,798.822,812.189,165331.0
2019-05-30,804.174,813.089,801.493,813.089,99940.0
2019-05-31,803.274,807.727,791.688,793.478,251137.0
2019-06-03,780.102,787.226,778.311,780.992,99940.0
2019-06-04,789.016,789.016,773.858,785.445,132916.0
2019-06-05,797.04,802.393,790.797,797.931,137178.0
2019-06-06,797.931,816.651,795.259,805.955,166676.0
2019-06-07,805.955,813.089,803.274,813.089,92872.4
2019-06-10,819.322,826.456,816.651,822.004,98705.5
2019-06-11,818.442,830.909,808.627,830.028,235435.0
2019-06-12,830.028,832.69,823.785,825.575,127644.0
2019-06-13,817.541,824.675,811.298,815.77,139646.0
2019-06-14,807.727,812.189,805.955,806.846,129437.0
2019-06-17,809.517,813.989,807.727,810.408,62140.2
2019-06-18,809.517,811.298,798.822,805.955,132018.0
2019-06-19,812.189,830.909,812.189,830.909,147160.0
2019-06-20,837.162,842.505,827.347,838.943,134148.0
2019-06-21,839.833,866.577,837.162,866.577,375641.0
2019-06-24,873.701,876.392,866.577,873.701,200327.0
2019-06-25,876.392,880.845,873.701,875.492,164882.0
2019-06-26,868.368,868.368,853.2,854.091,150637.0
2019-06-27,856.782,863.906,855.882,862.115,111605.0
2019-06-28,858.553,867.468,853.2,866.577,111043.0
2019-07-01,879.954,887.978,879.954,884.416,253942.0
2019-07-02,883.516,888.869,878.173,879.064,312044.0
2019-07-03,874.602,884.416,871.03,881.735,183389.0
2019-07-04,884.416,893.321,883.516,884.416,171163.0
2019-07-05,896.003,920.075,895.102,910.26,459539.0
2019-07-08,927.209,978.016,925.428,949.491,901695.0
2019-07-09,937.005,966.43,934.333,956.625,507435.0
2019-07-10,952.172,998.517,951.272,983.379,605243.0
2019-07-11,1008.33,1025.28,995.855,1025.28,494312.0
2019-07-12,1013.68,1029.73,1007.44,1017.25,356124.0
2019-07-16,1026.16,1026.16,997.636,1006.55,304640.0
2019-07-17,1001.2,1028.84,994.065,1019.92,355116.0
2019-07-18,1029.73,1029.73,1002.99,1006.55,275703.0
2019-07-19,1004.77,1023.49,995.855,1018.14,251025.0
2019-07-22,1019.03,1032.4,1007.44,1012.79,201000.0
2019-07-23,1010.11,1025.28,1009.23,1014.58,209972.0
2019-07-24,1019.92,1047.56,1019.92,1043.99,290732.0
2019-07-25,1051.12,1059.15,1041.32,1051.12,311931.0
2019-07-26,1058.26,1064.49,1045.79,1054.7,279516.0
2019-07-29,1054.7,1054.7,1028.84,1034.2,209411.0
2019-07-30,1030.62,1030.62,1015.47,1027.06,256409.0
2019-07-31,1015.47,1029.73,1010.11,1026.16,126186.0
2019-08-01,1023.49,1032.4,1014.58,1032.4,121923.0
2019-08-02,1015.47,1020.82,1001.2,1011.89,234425.0
2019-08-05,997.636,1004.77,985.15,1001.2,192250.0
2019-08-06,970.002,993.184,960.196,992.284,207056.0
2019-08-07,989.612,990.503,976.235,978.016,205935.0
2019-08-08,985.15,991.403,972.673,986.05,193372.0
2019-08-09,993.184,996.736,984.269,993.184,184848.0
2019-08-13,987.831,1001.2,971.783,987.831,260896.0
2019-08-14,1005.66,1019.03,1003.88,1017.25,288152.0
2019-08-15,996.736,996.736,975.345,994.955,208514.0
2019-08-16,1004.77,1042.21,1003.88,1031.51,290396.0
2019-08-19,1052.02,1053.81,1036.86,1043.99,105547.0
2019-08-20,1058.26,1078.76,1044.89,1077.87,282881.0
2019-08-21,1068.95,1085.0,1056.48,1081.44,200214.0
2019-08-22,1094.82,1095.71,1072.53,1080.54,120577.0
2019-08-23,1094.82,1099.27,1083.22,1090.36,174529.0
2019-08-26,1056.48,1085.0,1050.24,1077.87,187091.0
2019-08-27,1087.68,1095.71,1079.66,1087.68,211318.0
2019-08-28,1099.27,1106.4,1075.21,1078.76,194270.0
2019-08-29,1089.46,1096.6,1081.44,1085.89,147273.0
2019-08-30,1082.32,1084.11,1057.37,1065.39,281086.0
2019-09-02,1061.82,1062.71,1049.34,1054.7,173071.0
2019-09-03,1048.45,1092.14,1045.79,1089.46,163537.0
2019-09-04,1088.57,1104.62,1074.31,1100.16,216590.0
2019-09-05,1121.55,1156.33,1117.1,1134.93,375305.0
2019-09-06,1140.28,1143.84,1124.23,1140.28,231621.0
2019-09-09,1125.12,1138.5,1111.76,1138.5,260447.0
2019-09-10,1118.88,1136.72,1115.32,1118.88,140318.0
2019-09-11,1114.43,1133.15,1096.6,1128.69,227807.0
2019-09-12,1134.93,1151.88,1127.8,1140.28,241939.0
2019-09-13,1147.42,1168.81,1135.83,1166.14,282094.0
2019-09-17,1159.89,1167.03,1148.3,1153.66,221189.0
2019-09-18,1165.24,1165.24,1132.26,1139.39,224442.0
2019-09-19,1141.17,1176.84,1134.93,1158.11,268187.0
2019-09-20,1159.01,1174.16,1141.17,1159.89,275141.0
2019-09-24,1155.44,1158.11,1133.15,1142.95,186755.0
2019-09-25,1142.95,1142.95,1114.43,1133.15,239248.0
2019-09-26,1146.52,1170.6,1141.17,1163.46,248670.0
2019-09-27,1164.34,1164.34,1134.05,1144.73,199092.0
2019-09-30,1145.63,1155.44,1126.9,1137.61,173631.0
2019-10-01,1138.5,1149.2,1133.15,1148.3,173295.0
2019-10-02,1142.95,1159.01,1138.5,1149.2,261794.0
2019-10-03,1141.17,1149.2,1117.1,1136.72,211767.0
2019-10-04,1142.06,1163.46,1130.48,1163.46,260111.0
2019-10-07,1166.14,1198.23,1163.46,1196.45,385736.0
2019-10-08,1223.2,1226.76,1178.62,1193.77,652016.0
2019-10-09,1190.21,1227.65,1178.62,1216.95,470420.0
2019-10-10,1224.98,1235.68,1211.61,1221.41,443837.0
2019-10-11,1231.22,1236.57,1200.9,1212.49,383605.0
2019-10-15,1229.44,1241.92,1221.41,1233.0,346142.0
2019-10-16,1246.37,1247.27,1206.26,1220.52,425331.0
2019-10-17,1223.2,1247.27,1223.2,1233.89,297462.0
2019-10-18,1239.24,1239.24,1203.58,1206.26,371379.0
2019-10-21,1215.17,1224.09,1209.82,1220.52,185185.0
2019-10-23,1224.98,1245.49,1213.4,1245.49,284226.0
2019-10-24,1243.7,1253.5,1226.76,1241.03,241155.0
2019-10-25,1247.27,1247.27,1211.61,1218.73,260783.0
2019-10-28,1222.3,1223.2,1196.45,1208.04,237342.0
2019-10-29,1208.04,1223.2,1207.15,1212.49,117212.0
2019-10-30,1212.49,1225.87,1200.9,1206.26,291966.0
2019-10-31,1212.49,1229.44,1208.93,1222.3,196961.0
2019-11-01,1220.52,1223.2,1202.68,1208.93,270992.0
2019-11-05,1229.44,1267.77,1219.63,1258.86,376763.0
2019-11-06,1271.33,1277.57,1244.6,1252.61,325615.0
2019-11-07,1252.61,1266.0,1241.92,1266.0,224891.0
2019-11-08,1274.9,1281.15,1249.94,1255.28,274132.0
2019-11-11,1255.28,1268.66,1244.6,1248.15,305089.0
2019-11-12,1253.5,1269.55,1234.79,1251.72,292863.0
2019-11-13,1250.83,1253.5,1242.82,1248.15,162189.0
2019-11-14,1253.5,1259.74,1243.7,1247.27,192811.0
2019-11-15,1256.18,1277.57,1255.28,1264.21,275927.0
2019-11-18,1270.45,1279.36,1269.55,1277.57,310697.0
2019-11-19,1281.15,1307.89,1277.57,1305.22,453372.0
2019-11-20,1292.73,1293.62,1257.08,1274.9,507772.0
2019-11-21,1271.33,1286.5,1263.32,1282.93,225899.0
2019-11-22,1275.79,1289.16,1266.88,1273.11,307668.0
2019-11-25,1278.47,1285.61,1274.9,1276.69,336496.0
2019-11-26,1276.69,1281.15,1251.72,1256.18,626442.0
2019-11-27,1254.4,1267.77,1248.15,1266.0,959798.0
2019-11-28,1269.67,1272.42,1244.86,1257.72,674093.0
2019-11-29,1234.75,1234.75,1178.71,1222.81,383252.0
2019-12-02,1220.97,1241.18,1219.14,1224.65,139434.0
2019-12-03,1211.78,1226.49,1201.68,1224.65,167081.0
2019-12-04,1286.2,1333.97,1279.77,1332.14,1367345.0
2019-12-05,1367.96,1409.31,1346.83,1352.35,1141921.0
2019-12-06,1348.67,1394.61,1347.76,1387.26,367143.0
2019-12-09,1394.61,1400.13,1365.21,1398.29,237506.0
2019-12-10,1390.93,1421.26,1385.42,1409.31,329046.0
2019-12-11,1413.91,1418.5,1379.91,1381.75,206919.0
2019-12-12,1374.4,1388.18,1355.1,1362.45,209205.0
2019-12-13,1387.26,1393.69,1369.8,1381.75,221941.0
2019-12-16,1375.32,1402.88,1375.32,1392.78,123106.0
2019-12-17,1405.63,1410.22,1390.02,1400.13,170673.0
2019-12-18,1395.53,1397.37,1369.8,1378.08,207681.0
2019-12-19,1390.93,1398.29,1376.23,1387.26,117446.0
2019-12-20,1396.45,1396.45,1379.91,1389.09,124739.0
2019-12-23,1387.26,1387.26,1363.37,1363.37,84683.9
2019-12-24,1364.29,1371.65,1360.62,1363.37,101119.0
2019-12-25,1367.96,1372.56,1358.78,1366.13,85010.4
2019-12-26,1361.53,1378.08,1359.69,1370.72,93609.1
2019-12-27,1367.05,1367.96,1358.78,1365.21,148250.0
2019-12-30,1368.89,1372.56,1356.03,1370.72,102207.0
2020-01-06,1334.9,1357.86,1328.46,1333.06,267112.0
2020-01-07,1344.08,1360.62,1344.08,1347.76,179925.0
2020-01-08,1345.0,1371.65,1330.3,1363.37,352992.0
2020-01-09,1381.75,1399.21,1379.0,1382.66,250349.0
2020-01-10,1413.91,1444.21,1334.9,1355.1,531611.0
2020-01-14,1343.16,1343.16,1280.69,1304.57,575369.0
2020-01-15,1292.64,1299.98,1277.01,1284.37,253724.0
2020-01-16,1326.63,1354.19,1323.87,1344.08,470766.0
2020-01-17,1354.19,1396.45,1350.52,1387.26,338951.0
2020-01-20,1388.18,1405.63,1380.82,1388.18,198321.0
2020-01-21,1391.85,1412.98,1382.66,1399.21,174918.0
2020-01-22,1387.26,1401.04,1374.4,1384.5,147271.0
2020-01-23,1378.08,1389.09,1367.05,1370.72,155108.0
2020-01-24,1375.32,1375.32,1355.1,1367.05,117882.0
2020-01-27,1344.08,1356.03,1337.65,1345.92,123759.0
2020-01-28,1334.9,1338.56,1320.19,1332.14,141175.0
2020-01-29,1334.9,1351.43,1333.06,1339.48,120495.0
2020-01-30,1336.73,1339.48,1306.41,1314.69,145094.0
2020-01-31,1301.82,1320.19,1298.14,1305.5,177747.0
2020-02-03,1286.2,1286.2,1259.56,1259.56,221941.0
2020-02-04,1259.56,1269.67,1245.78,1260.47,136168.0
2020-02-05,1286.2,1302.74,1276.09,1288.96,155760.0
2020-02-06,1306.41,1324.79,1301.82,1315.59,131597.0
2020-02-07,1319.27,1335.82,1312.84,1326.63,98833.6
2020-02-10,1307.33,1313.77,1287.13,1293.55,123323.0
2020-02-12,1287.13,1294.46,1273.33,1278.85,59213.3
2020-02-13,1270.58,1288.96,1266.91,1287.13,101881.0
2020-02-14,1271.51,1271.51,1244.86,1261.4,150101.0
2020-02-17,1262.31,1262.31,1237.51,1241.18,77173.1
2020-02-18,1241.18,1241.18,1222.81,1230.16,78697.0
2020-02-19,1240.27,1257.72,1240.27,1255.88,90016.9
2020-02-20,1269.67,1280.69,1247.62,1247.62,76737.1
2020-02-21,1246.7,1264.15,1246.7,1252.2,99378.0
2020-02-25,1169.52,1218.21,1163.09,1203.52,255030.0
2020-02-26,1181.47,1187.9,1164.02,1183.31,190918.0
2020-02-27,1169.52,1175.04,1125.42,1134.62,265044.0
2020-02-28,1098.79,1101.54,1061.12,1067.55,335904.0
2020-03-02,1039.99,1122.67,1039.99,1107.05,238158.0
2020-03-03,1137.37,1142.89,1078.57,1078.57,166102.0
2020-03-04,1051.01,1084.08,1046.42,1069.39,200388.0
2020-03-05,1069.39,1090.52,1062.03,1073.98,156849.0
2020-03-06,1058.36,1072.14,1028.96,1032.64,232934.0
2020-03-09,999.563,1008.75,955.463,960.051,194619.0
2020-03-10,919.64,988.538,904.937,980.272,226729.0
2020-03-11,980.272,990.377,941.68,941.68,142808.0
2020-03-12,911.374,925.147,876.45,884.726,204090.0
2020-03-13,826.843,848.893,766.202,786.422,718394.0
2020-03-16,841.546,870.023,805.713,823.165,285507.0
2020-03-17,792.859,849.813,778.156,828.682,299766.0
2020-03-18,836.949,858.079,807.552,811.23,309997.0
2020-03-19,790.1,809.391,738.645,741.403,365293.0
2020-03-23,727.62,763.453,718.434,758.865,439853.0
2020-03-24,786.422,834.19,783.664,814.899,274840.0
2020-03-25,918.711,918.711,850.732,878.289,348639.0
2020-03-26,864.516,870.943,836.949,839.698,254594.0
2020-03-27,885.646,902.178,860.828,887.485,278214.0
2020-03-30,879.209,894.822,849.813,890.243,171761.0
2020-03-31,886.556,892.992,849.813,855.32,166536.0
2020-04-01,831.431,848.893,820.416,833.27,222702.0
2020-04-02,808.472,826.843,791.93,793.769,159244.0
2020-04-03,793.769,803.874,758.865,762.533,133773.0
2020-04-06,762.533,819.497,748.75,808.472,264064.0
2020-04-07,857.159,932.494,857.159,924.228,853147.0
2020-04-08,934.333,957.302,914.123,947.197,459227.0
2020-04-09,946.277,968.327,935.253,960.98,249479.0
2020-04-10,960.051,966.488,924.228,954.544,183408.0
2020-04-13,946.277,957.302,911.374,913.203,244689.0
2020-04-14,918.711,931.574,893.912,927.906,252417.0
2020-04-15,925.147,925.147,892.992,901.259,274949.0
2020-04-16,894.822,921.469,892.073,920.55,159787.0
2020-04-17,909.525,925.147,900.339,912.283,186564.0
2020-04-20,904.017,930.655,903.098,923.308,78370.5
2020-04-21,912.283,928.816,907.686,915.952,141829.0
2020-04-22,905.856,907.686,884.726,904.937,138345.0
2020-04-23,907.686,927.906,907.686,916.881,170019.0
2020-04-24,923.308,925.147,910.444,919.64,97744.6
2020-04-27,922.389,925.147,904.937,913.203,192116.0
2020-04-28,915.952,934.333,904.937,934.333,144985.0
2020-04-30,961.9,977.513,955.463,970.166,119515.0
2020-05-01,964.649,970.166,926.067,927.906,103949.0
2020-05-07,931.574,941.68,916.881,933.414,120928.0
2020-05-08,933.414,941.68,926.986,935.253,136603.0
2020-05-11,936.172,941.68,924.228,934.333,231519.0
2020-05-12,938.011,948.117,919.64,944.438,192551.0
2020-05-13,924.228,978.432,915.042,918.711,248825.0
2020-05-14,903.098,905.856,857.159,858.998,296609.0
2020-05-15,861.757,881.958,850.732,881.958,178728.0
2020-05-18,881.958,899.42,873.692,895.751,91322.8
2020-05-19,925.147,931.574,896.661,901.259,171761.0
2020-05-20,901.259,917.791,896.661,916.881,91650.3
2020-05-21,927.906,943.519,920.55,943.519,106561.0
2020-05-22,942.609,948.117,928.816,929.745,80112.4
2020-05-25,937.082,950.875,926.986,949.946,115813.0
2020-05-26,964.649,974.754,953.624,972.915,84465.9
2020-05-27,971.076,974.754,956.383,970.166,102643.0
2020-05-28,994.965,1001.4,969.247,984.869,162074.0
2020-05-29,984.869,1005.07,982.111,983.94,197557.0
2020-06-01,992.206,992.206,973.835,983.03,137582.0
2020-06-02,992.206,1008.75,991.296,1003.24,108521.0
2020-06-03,1019.77,1024.37,983.94,991.296,174918.0
2020-06-04,1006.0,1006.0,971.076,1003.24,221069.0
2020-06-05,1002.31,1015.18,991.296,1015.18,123215.0
2020-06-08,1031.72,1049.17,1028.04,1049.17,115269.0
2020-06-09,1065.7,1081.32,1060.19,1074.9,218566.0
2020-06-10,1074.9,1080.4,1037.23,1041.82,351469.0
2020-06-11,1041.82,1054.69,1006.0,1013.34,273316.0
2020-06-12,992.206,1035.4,983.94,1032.64,291384.0
2020-06-15,1028.96,1031.72,980.272,981.181,320339.0
2020-06-16,1008.75,1026.2,995.884,1019.77,279629.0
2020-06-17,1017.01,1023.44,983.03,1002.31,225314.0
2020-06-18,1001.4,1018.86,983.94,1018.86,174155.0
2020-06-19,1026.2,1050.09,1022.53,1050.09,265262.0
2020-06-22,1050.09,1050.09,1024.37,1036.31,136929.0
2020-06-23,1052.85,1083.16,1052.85,1068.46,192224.0
2020-06-24,1067.55,1075.82,1053.77,1057.44,191353.0
2020-06-25,1049.17,1060.19,1036.31,1042.74,174700.0
2020-06-26,1043.66,1062.03,1043.66,1049.17,95895.4
2020-06-29,1044.57,1044.57,1007.83,1018.86,168931.0
2020-06-30,1046.42,1062.95,1039.06,1044.57,208660.0
2020-07-01,1049.17,1054.69,1023.44,1031.72,162836.0
2020-07-02,1051.93,1055.61,1025.29,1030.8,195708.0
2020-07-03,1041.82,1053.77,1006.0,1019.77,220090.0
2020-07-06,1028.96,1063.87,1025.29,1063.87,228471.0
2020-07-07,873.692,889.314,822.255,838.788,1851390.0
2020-07-08,828.682,833.27,802.955,821.326,777716.0
2020-07-09,818.567,819.497,783.664,812.14,725034.0
2020-07-10,816.738,830.522,808.472,818.567,447364.0
2020-07-13,835.119,839.698,804.794,820.416,456942.0
2020-07-14,819.497,823.165,799.286,819.497,221941.0
2020-07-15,821.326,833.27,808.472,830.522,358762.0
2020-07-16,836.029,840.627,801.125,803.874,329808.0
2020-07-17,806.633,810.301,786.422,791.93,197667.0
2020-07-20,786.422,786.422,755.177,776.307,354952.0
2020-07-21,768.961,769.88,740.484,746.001,603451.0
2020-07-22,754.267,786.422,752.428,768.041,377701.0
2020-07-27,771.729,807.552,768.041,805.713,549244.0
2020-07-28,803.874,814.899,793.769,801.125,283221.0
2020-07-29,804.794,823.165,797.437,821.326,512345.0
2020-07-30,815.819,815.819,788.261,802.955,404260.0
2020-07-31,784.583,789.171,750.589,750.589,333945.0
2020-08-03,765.292,775.397,765.292,772.639,212034.0
2020-08-04,782.744,799.286,782.744,798.367,207354.0
2020-08-05,800.196,801.125,772.639,792.859,498304.0
2020-08-06,776.307,791.01,769.88,784.583,482521.0
2020-08-07,798.367,820.416,798.367,802.035,368013.0
2020-08-11,818.567,842.456,813.989,838.788,293779.0
2020-08-12,862.677,876.45,848.893,873.692,487854.0
2020-08-13,882.887,890.243,872.782,881.958,255901.0
2020-08-14,895.751,895.751,870.943,870.943,216933.0
2020-08-17,860.828,872.782,849.813,862.677,287357.0
2020-08-18,862.677,870.943,852.562,862.677,204415.0
2020-08-19,857.159,868.184,853.491,867.265,89798.9
2020-08-20,867.265,877.38,847.983,847.983,239355.0
2020-08-21,847.983,868.184,847.983,867.265,79131.9
2020-08-24,865.425,874.621,862.677,865.425,161639.0
2020-08-25,879.209,881.048,858.079,863.586,100684.0
2020-08-26,860.828,868.184,845.215,868.184,98180.6
2020-08-27,863.586,868.184,852.562,858.079,100357.0
2020-08-28,853.491,876.45,835.119,847.054,193313.0
2020-08-31,849.813,870.023,849.813,854.401,149773.0
2020-09-01,850.732,884.726,842.456,879.209,250676.0
2020-09-02,880.128,880.128,861.757,865.425,144767.0
2020-09-03,885.646,894.822,873.692,875.531,180578.0
2020-09-04,868.184,897.58,868.184,888.395,183952.0
2020-09-07,885.646,906.776,882.887,896.661,106779.0
2020-09-08,910.444,934.333,908.615,932.494,153039.0
2020-09-09,918.711,926.986,915.042,920.55,216062.0
2020-09-10,913.203,921.469,904.937,918.711,163925.0
2020-09-11,924.228,929.745,915.952,922.389,129745.0
2020-09-14,923.308,925.147,905.856,916.881,297806.0
2020-09-15,914.123,917.791,889.314,915.952,224988.0
2020-09-16,918.711,918.711,899.42,906.776,126480.0
2020-09-17,894.822,902.178,880.128,883.807,218131.0
2020-09-18,897.58,915.042,891.153,904.017,324692.0
2020-09-23,886.556,890.243,865.425,873.692,399253.0
2020-09-24,864.516,868.184,844.295,848.893,336665.0
2020-09-25,872.782,886.556,870.943,886.556,220198.0
2020-09-28,889.314,906.776,881.958,906.776,276255.0
2020-09-29,907.686,918.711,893.912,906.776,240662.0
2020-09-30,904.017,915.042,897.58,898.51,278432.0
2020-10-02,902.178,913.203,851.652,861.757,378573.0
2020-10-05,871.862,904.017,866.355,904.017,335686.0
2020-10-06,986.699,1041.82,974.754,1017.93,2209390.0
2020-10-07,1002.31,1041.82,976.593,1021.61,975383.0
2020-10-08,1025.29,1051.93,1011.51,1018.86,738857.0
2020-10-09,1023.44,1030.8,983.94,993.135,640133.0
2020-10-12,1004.16,1004.16,974.754,991.296,320339.0
2020-10-13,994.045,994.965,954.544,973.835,321644.0
2020-10-14,973.835,976.593,959.141,961.9,376286.0
2020-10-15,961.9,972.915,951.785,972.005,236309.0
2020-10-16,944.438,968.327,937.082,962.81,309018.0
2020-10-19,968.327,987.618,964.649,984.869,271139.0
2020-10-20,977.513,1006.91,972.915,1002.31,281806.0
2020-10-21,1003.24,1015.18,989.457,1003.24,262213.0
2020-10-22,1003.24,1010.59,993.135,1007.83,198103.0
2020-10-23,1015.18,1038.14,1011.51,1038.14,307277.0
2020-10-26,1029.88,1031.72,1002.31,1005.07,191789.0
2020-10-27,989.457,994.965,973.835,993.135,160005.0
2020-10-28,996.804,1004.16,984.869,995.884,152822.0
2020-10-29,988.538,988.538,965.569,974.754,133337.0
2020-10-30,975.674,980.272,953.624,959.141,303793.0
2020-11-02,962.81,981.181,960.051,965.569,179598.0
2020-11-04,979.352,994.045,967.408,992.206,169584.0
2020-11-05,993.135,1023.44,975.674,1019.77,333181.0
2020-11-06,1004.16,1026.2,997.723,1010.59,321536.0
2020-11-09,1024.37,1031.72,1015.18,1016.09,228688.0
2020-11-10,1043.66,1059.27,1025.29,1039.06,310651.0
2020-11-11,1059.27,1065.7,1039.06,1062.95,246105.0
2020-11-12,1053.77,1053.77,1006.0,1008.75,336012.0
2020-11-13,1002.31,1010.59,988.538,1000.48,257968.0
2020-11-16,1017.93,1018.86,1002.31,1008.75,242185.0
2020-11-17,1017.93,1017.93,994.965,1000.48,201367.0
2020-11-18,994.045,1006.0,985.779,987.618,126916.0
2020-11-19,987.618,992.206,977.513,983.03,192224.0
2020-11-20,983.03,1006.0,980.272,1003.24,277344.0
2020-11-24,1018.86,1039.06,1017.93,1028.96,416560.0
2020-11-25,1045.5,1054.69,1009.67,1011.51,331550.0
2020-11-26,1006.0,1026.2,1002.31,1024.37,700000.0
2020-11-27,1049.54,1106.39,1043.94,1104.53,1064703.0
2020-11-30,1115.72,1139.01,1082.16,1084.03,562069.0
2020-12-01,1111.05,1111.05,1076.56,1076.56,238711.0
2020-12-02,1104.53,1104.53,1063.51,1079.36,166829.0
2020-12-03,1097.07,1127.83,1084.95,1124.1,325827.0
2020-12-04,1141.81,1145.54,1107.32,1112.92,259953.0
2020-12-07,1118.51,1126.9,1111.05,1115.72,227553.0
2020-12-08,1111.05,1130.62,1111.05,1123.17,150200.0
2020-12-09,1146.47,1155.79,1121.3,1139.94,202233.0
2020-12-10,1148.33,1161.38,1141.81,1142.74,202341.0
2020-12-11,1143.68,1153.93,1138.08,1141.81,152452.0
2020-12-14,1134.36,1148.33,1128.76,1137.15,151380.0
2020-12-15,1137.15,1146.47,1118.51,1122.24,282912.0
2020-12-16,1137.15,1145.54,1124.1,1131.56,106213.0
2020-12-17,1134.36,1144.61,1120.37,1120.37,131639.0
2020-12-18,1127.83,1140.88,1104.53,1113.85,178201.0
2020-12-21,1113.85,1120.37,1097.07,1119.44,135716.0
2020-12-22,1118.51,1118.51,1089.61,1094.28,140651.0
2020-12-23,1113.85,1113.85,1094.28,1099.87,115225.0
2020-12-24,1114.78,1125.97,1102.67,1115.72,131425.0
2020-12-25,1119.44,1122.24,1094.28,1095.2,100526.0
2020-12-28,1092.41,1102.67,1084.95,1096.13,161250.0
2020-12-29,1099.87,1120.37,1092.41,1120.37,155564.0
2020-12-30,1112.92,1117.57,1096.13,1101.73,161679.0
2021-01-04,1125.97,1130.62,1093.35,1106.39,148162.0
2021-01-05,1103.6,1111.05,1063.51,1065.38,196118.0
2021-01-06,1067.24,1086.81,1062.59,1066.31,191398.0
2021-01-07,1061.65,1064.44,1030.89,1039.28,241178.0
2021-01-08,1040.22,1040.22,1017.85,1022.5,366595.0
2021-01-12,1022.5,1050.47,1010.38,1020.63,357690.0
2021-01-13,1035.55,1060.72,1015.05,1028.1,240105.0
2021-01-14,1016.91,1040.22,989.883,992.681,323251.0
2021-01-15,985.218,986.147,964.717,967.514,228840.0
2021-01-18,966.575,969.373,947.003,955.395,153847.0
2021-01-19,955.395,964.717,940.48,947.933,219185.0
2021-01-20,933.956,948.872,927.432,928.361,338700.0
2021-01-21,942.348,951.669,929.29,933.956,263923.0
2021-01-22,938.611,946.074,930.229,930.229,133892.0
2021-01-25,929.29,932.087,919.04,923.705,154490.0
2021-01-26,961.919,990.812,954.457,957.254,416483.0
2021-01-27,956.325,977.765,956.325,970.302,129493.0
2021-01-28,950.73,962.849,944.206,957.254,147196.0
2021-01-29,965.646,984.288,958.193,961.919,228840.0
2021-02-01,974.967,976.835,958.193,965.646,190861.0
2021-02-02,960.051,986.147,958.193,985.218,121555.0
2021-02-03,1003.86,1013.18,994.539,1009.45,366702.0
2021-02-04,997.336,1009.45,990.812,997.336,116727.0
2021-02-05,1003.86,1003.86,985.218,985.218,124880.0
2021-02-08,988.944,1007.59,988.944,1003.86,88618.0
2021-02-09,1000.13,1006.66,973.099,974.967,115010.0
2021-02-10,977.765,989.883,969.373,985.218,60187.6
2021-02-12,987.086,996.407,983.359,993.61,107285.0
2021-02-15,1002.93,1003.86,985.218,990.812,46669.2
2021-02-16,990.812,992.681,975.896,975.896,85077.5
2021-02-17,975.896,979.623,966.575,967.514,210494.0
2021-02-18,961.919,963.778,941.409,942.348,95806.5
2021-02-19,933.956,944.206,924.634,940.48,115653.0
2021-02-22,947.003,969.373,947.003,957.254,94196.9
2021-02-24,954.457,972.17,942.348,943.277,157495.0
2021-02-25,952.598,968.443,939.55,960.051,155885.0
2021-02-26,952.598,953.527,925.564,932.087,223905.0
2021-03-01,941.409,971.241,937.682,970.302,305657.0
2021-03-02,974.967,981.491,959.122,980.562,372817.0
2021-03-03,983.359,985.218,960.051,978.694,210065.0
2021-03-04,991.742,1000.13,984.288,999.204,189681.0
2021-03-05,999.204,999.204,959.122,983.359,114795.0
2021-03-08,1001.06,1015.98,972.17,979.623,223369.0
2021-03-09,981.491,996.407,977.765,986.147,217790.0
2021-03-10,1012.25,1025.3,992.681,1021.57,130459.0
2021-03-11,1021.57,1038.35,1009.45,1018.78,130244.0
2021-03-12,1017.85,1034.62,1003.86,1028.1,110718.0
2021-03-15,1028.1,1029.96,1002.0,1006.66,152023.0
2021-03-16,1011.31,1051.4,1010.38,1051.4,232058.0
2021-03-17,1050.47,1071.91,1043.94,1062.59,117907.0
2021-03-18,1061.65,1062.59,1047.67,1052.33,84755.2
2021-03-19,1067.24,1073.76,1051.4,1070.97,123378.0
2021-03-22,1070.04,1080.29,1057.92,1077.5,77031.6
2021-03-23,1078.43,1103.6,1074.7,1076.56,105139.0
2021-03-24,1095.2,1095.2,1046.74,1048.6,89797.9
2021-03-25,1056.06,1077.5,1051.4,1070.04,65873.9
2021-03-26,1086.81,1097.07,1078.43,1086.81,72525.1
2021-03-29,1101.73,1101.73,1057.92,1075.63,143870.0
2021-03-30,1079.36,1079.36,1051.4,1073.76,70486.8
2021-03-31,1058.86,1071.91,1042.07,1042.07,114366.0
2021-04-01,1037.42,1050.47,1037.42,1045.8,51926.7
2021-04-02,1058.86,1059.79,1036.48,1039.28,38300.9
2021-04-05,1035.55,1059.79,1035.55,1054.19,64693.0
2021-04-06,1082.16,1100.8,1055.12,1061.65,196226.0
2021-04-07,1056.06,1100.8,1056.06,1095.2,143011.0
2021-04-08,1075.63,1085.88,1048.6,1048.6,114688.0
2021-04-09,1049.54,1061.65,1045.8,1055.12,107393.0
2021-04-12,1038.35,1067.24,1028.1,1065.38,147732.0
2021-04-13,1063.51,1066.31,1044.87,1048.6,112328.0
2021-04-14,1036.48,1049.54,1029.96,1046.74,101385.0
2021-04-15,1049.54,1058.86,1045.8,1053.26,44308.5
2021-04-16,1065.38,1067.24,1056.06,1059.79,45059.6
2021-04-19,1053.26,1054.19,1030.89,1041.15,107500.0
2021-04-20,1031.82,1041.15,1023.43,1026.23,52033.1
2021-04-21,1020.63,1021.57,1006.66,1015.98,88081.9
2021-04-22,1026.23,1034.62,1024.37,1030.89,49458.6
2021-04-23,1029.96,1033.69,1012.25,1013.18,69843.1
2021-04-26,1007.59,1011.31,999.204,1003.86,69843.1
2021-04-27,1002.93,1008.53,991.742,1004.79,78318.9
2021-04-28,1004.79,1022.5,1004.79,1017.85,68448.4
2021-04-30,1011.31,1015.98,997.336,1007.59,115868.0
2021-05-06,1007.59,1030.89,1007.59,1021.57,129708.0
2021-05-07,1034.62,1043.94,1028.1,1034.62,82395.6
2021-05-10,1041.15,1050.47,1041.15,1046.74,33044.4
2021-05-11,1046.74,1046.74,1012.25,1012.25,66087.7
2021-05-12,1009.45,1012.25,994.539,1004.79,92158.6
2021-05-13,997.336,1004.79,983.359,992.681,93230.9
2021-05-14,1012.25,1016.91,974.038,979.623,196547.0
2021-05-17,1003.86,1011.31,1002.0,1006.66,86794.6
2021-05-18,1006.66,1016.91,1001.06,1011.31,155993.0
2021-05-19,1002.93,1009.45,978.694,982.42,191504.0
2021-05-20,980.562,1003.86,980.562,996.407,222403.0
2021-05-21,994.539,1006.66,985.218,997.336,121017.0
2021-05-24,1007.59,1026.23,1002.93,1019.71,84970.1
2021-05-25,1021.57,1021.57,999.204,1009.45,74348.6
2021-05-26,1009.45,1017.85,974.038,978.694,372173.0
2021-05-27,979.623,988.015,965.646,967.514,150200.0
2021-05-28,980.562,991.742,974.967,988.015,132497.0
2021-05-31,971.241,973.099,954.457,969.373,149770.0
2021-06-01,960.98,974.967,960.051,973.099,126382.0
2021-06-02,964.717,980.562,964.717,974.038,187964.0
2021-06-03,977.765,998.266,977.765,986.147,159426.0
2021-06-04,997.336,1003.86,992.681,1001.06,128313.0
2021-06-07,1013.18,1030.89,1012.25,1015.98,118335.0
2021-06-08,1025.3,1043.94,1023.43,1026.23,143333.0
2021-06-09,1026.23,1049.54,1026.23,1036.48,80893.4
2021-06-10,1037.42,1054.19,1033.69,1050.47,107715.0
2021-06-11,1062.59,1066.31,1049.54,1053.26,184317.0
2021-06-14,1051.4,1056.06,1029.03,1033.69,142475.0
2021-06-15,1029.03,1037.42,1011.31,1030.89,145908.0
2021-06-16,1030.89,1043.94,1028.1,1028.1,53750.2
2021-06-17,1028.1,1031.82,1019.71,1019.71,52462.9
2021-06-18,1025.3,1025.3,999.204,1003.86,156422.0
2021-06-21,990.812,1002.0,981.491,997.336,80786.0
2021-06-22,1020.63,1029.03,1015.05,1024.37,113294.0
2021-06-23,1015.98,1022.5,994.539,1000.13,217360.0
2021-06-24,991.742,1001.06,983.359,998.266,76709.3
2021-06-25,1006.66,1006.66,994.539,994.539,64049.4
2021-06-28,1002.93,1011.31,998.266,1003.86,90334.1
2021-06-29,999.204,1013.18,996.407,1013.18,93874.6
2021-06-30,1013.18,1025.3,1000.13,1000.13,91407.5
2021-07-01,1007.59,1014.11,996.407,1009.45,125846.0
2021-07-02,1024.37,1032.75,1023.43,1027.17,94089.5
2021-07-05,1043.94,1073.76,1034.62,1068.18,222081.0
2021-07-06,1165.11,1165.11,1099.87,1127.83,954628.0
2021-07-07,1118.51,1132.49,1083.09,1120.37,354901.0
2021-07-08,1113.85,1144.61,1110.12,1134.36,323037.0
2021-07-09,1106.39,1127.83,1100.8,1125.97,313918.0
2021-07-12,1142.74,1149.26,1117.57,1117.57,236565.0
2021-07-13,1129.69,1146.47,1119.44,1120.37,187106.0
2021-07-14,1120.37,1149.26,1115.72,1142.74,117263.0
2021-07-15,1150.2,1163.25,1124.1,1127.83,148805.0
2021-07-16,1118.51,1123.17,1107.32,1115.72,68341.0
2021-07-19,1098.0,1099.87,1079.36,1079.36,89046.8
2021-07-20,1078.43,1078.43,1063.51,1064.44,77889.1
2021-07-21,1082.16,1085.88,1041.15,1051.4,260167.0
2021-07-26,1073.76,1082.16,1049.54,1053.26,133141.0
2021-07-27,1057.92,1059.79,1049.54,1056.99,107607.0
2021-07-28,1050.47,1075.63,1050.47,1065.38,46133.0
2021-07-29,1067.24,1085.88,1057.92,1075.63,75314.5
2021-07-30,1075.63,1077.5,1056.06,1056.06,76173.1
2021-08-02,1068.18,1083.09,1060.72,1075.63,93553.3
2021-08-03,1071.91,1071.91,1045.8,1045.8,85292.4
2021-08-04,1065.38,1075.63,1053.26,1060.72,382044.0
2021-08-05,1062.59,1081.23,1057.92,1073.76,142045.0
2021-08-06,1081.23,1084.95,1070.04,1072.84,112435.0
2021-08-10,1082.16,1095.2,1062.59,1067.24,106105.0
2021-08-11,1068.18,1107.32,1067.24,1086.81,258237.0
2021-08-12,1102.67,1114.78,1097.07,1109.19,222295.0
2021-08-13,1114.78,1114.78,1089.61,1090.55,73061.3
2021-08-16,1090.55,1097.07,1063.51,1064.44,156422.0
2021-08-17,1068.18,1082.16,1057.92,1061.65,127455.0
2021-08-18,1056.06,1056.06,1038.35,1043.94,94518.2
2021-08-19,1036.48,1058.86,1029.96,1043.94,145801.0
2021-08-20,1055.12,1074.7,1044.87,1048.6,164683.0
2021-08-23,1050.47,1065.38,1047.67,1059.79,63405.7
2021-08-24,1072.84,1093.35,1068.18,1085.88,141294.0
2021-08-25,1085.88,1093.35,1077.5,1091.48,88295.7
2021-08-26,1086.81,1099.87,1081.23,1098.0,81429.6
2021-08-27,1096.13,1096.13,1073.76,1086.81,62547.2
2021-08-30,1098.0,1100.8,1085.88,1098.0,131103.0
2021-08-31,1095.2,1095.2,1073.76,1084.95,100955.0
2021-09-01,1085.88,1099.87,1078.43,1091.48,94840.5
2021-09-02,1089.61,1089.61,1048.6,1054.19,261884.0
2021-09-03,1064.44,1092.41,1057.92,1090.55,144835.0
2021-09-06,1092.41,1115.72,1084.95,1102.67,98595.9
2021-09-07,1102.67,1107.32,1087.75,1089.61,111254.0
2021-09-08,1092.41,1116.64,1090.55,1116.64,136682.0
2021-09-09,1115.72,1137.15,1113.85,1137.15,105890.0
2021-09-10,1125.97,1151.13,1125.97,1151.13,110397.0
2021-09-13,1149.26,1149.26,1138.08,1143.68,98702.4
2021-09-14,1144.61,1172.57,1143.68,1172.57,126275.0
2021-09-15,1169.77,1169.77,1137.15,1137.15,135823.0
2021-09-16,1128.76,1142.74,1110.12,1111.05,205666.0
2021-09-17,1104.53,1104.53,1091.48,1097.07,187320.0
2021-09-21,1074.7,1075.63,1056.06,1067.24,262849.0
2021-09-22,1070.97,1090.55,1064.44,1074.7,111148.0
2021-09-24,1102.67,1111.98,1087.75,1105.46,180669.0
2021-09-27,1115.72,1127.83,1104.53,1108.25,123700.0
2021-09-28,1113.85,1113.85,1092.41,1098.0,139256.0
2021-09-29,1092.41,1115.72,1089.61,1103.6,233668.0
2021-09-30,1107.32,1131.56,1107.32,1124.1,113294.0
2021-10-01,1111.98,1120.37,1097.07,1101.73,192470.0
2021-10-04,1111.98,1118.51,1073.76,1079.36,186676.0
2021-10-05,1071.91,1071.91,1039.28,1057.92,264995.0
2021-10-06,1073.76,1093.35,1039.28,1040.22,781362.0
2021-10-07,1053.26,1078.43,1043.94,1075.63,391271.0
2021-10-08,1093.35,1104.53,1078.43,1078.43,238388.0
2021-10-11,1082.16,1097.07,1067.24,1094.28,219721.0
2021-10-12,1101.73,1108.25,1092.41,1095.2,215429.0
2021-10-13,1089.61,1092.41,1073.76,1077.5,191504.0
2021-10-14,1074.7,1074.7,1059.79,1070.04,213283.0
2021-10-15,1076.56,1094.28,1070.04,1094.28,147624.0
2021-10-18,1091.48,1096.13,1079.36,1083.09,106105.0
2021-10-19,1082.16,1085.88,1076.56,1079.36,126704.0
2021-10-20,1079.36,1091.48,1077.5,1089.61,115976.0
2021-10-21,1096.13,1100.8,1075.63,1075.63,104496.0
2021-10-22,1072.84,1083.09,1068.18,1079.36,171013.0
2021-10-25,1064.44,1070.04,1055.12,1057.92,230342.0
2021-10-26,1060.72,1063.51,1053.26,1057.92,124237.0
2021-10-27,1056.06,1056.06,1031.82,1039.28,284950.0
2021-10-28,1034.62,1053.26,1032.75,1045.8,185819.0
2021-10-29,1041.15,1044.87,1014.11,1017.85,465942.0
2021-11-01,1034.62,1043.01,1024.37,1041.15,242787.0
2021-11-02,1037.42,1044.87,1034.62,1043.94,163074.0
2021-11-04,1043.01,1053.26,1040.22,1043.94,252979.0
2021-11-05,1048.6,1048.6,1029.03,1035.55,232166.0
2021-11-08,1034.62,1040.22,1026.23,1037.42,177879.0
2021-11-09,1034.62,1038.35,1012.25,1014.11,305442.0
2021-11-10,1015.05,1018.78,1002.0,1004.79,192685.0
2021-11-11,1000.13,1012.25,997.336,1010.38,160392.0
2021-11-12,1008.53,1020.63,998.266,1005.73,310592.0
2021-11-15,1010.38,1017.85,1005.73,1009.45,190003.0
2021-11-16,1014.11,1022.5,1009.45,1010.38,168331.0
2021-11-17,1009.45,1011.31,994.539,996.407,254266.0
2021-11-18,989.883,991.742,978.694,988.944,290744.0
2021-11-19,984.288,987.086,974.038,982.42,303296.0
2021-11-22,975.896,990.812,971.241,987.086,269823.0
2021-11-24,982.42,987.086,966.575,972.17,467336.0
2021-11-25,975.896,979.623,960.051,960.051,418092.0
2021-11-26,957.254,965.646,940.48,956.325,1171345.0
2021-11-29,937.934,944.709,919.543,920.511,884455.0
2021-11-30,942.774,962.132,932.126,932.126,570593.0
2021-12-01,944.709,957.293,921.479,954.389,447858.0
2021-12-02,957.293,970.844,934.062,936.966,742608.0
2021-12-03,938.902,964.068,938.902,964.068,339793.0
2021-12-06,967.94,973.748,959.229,962.132,265099.0
2021-12-07,971.812,991.171,965.036,991.171,262206.0
2021-12-08,992.138,1003.75,985.363,1000.85,251461.0
2021-12-09,996.978,1006.66,993.106,1002.79,133376.0
2021-12-10,1007.63,1009.56,995.042,1002.79,224600.0
2021-12-13,1006.66,1007.63,970.844,973.748,194743.0
2021-12-14,972.78,973.748,960.196,965.036,123458.0
2021-12-15,963.1,968.908,960.196,966.004,113230.0
2021-12-16,985.363,986.331,971.812,974.716,106824.0
2021-12-17,962.132,971.812,957.293,966.972,213236.0
2021-12-20,965.036,967.94,945.677,945.677,136062.0
2021-12-21,952.453,958.261,948.581,955.357,258177.0
2021-12-22,957.293,966.004,954.389,964.068,153315.0
2021-12-23,951.485,974.716,951.485,967.94,165919.0
2021-12-24,972.78,973.748,957.293,958.261,156208.0
2021-12-27,955.357,963.1,945.677,960.196,261689.0
2021-12-28,959.229,968.908,958.261,968.908,226873.0
2021-12-29,974.716,987.299,973.748,983.427,120255.0
2021-12-30,978.587,985.363,973.748,977.619,92774.3
2022-01-04,992.138,995.042,978.587,984.395,132136.0
2022-01-05,995.042,1004.72,990.203,993.106,153935.0
2022-01-06,993.106,998.914,977.619,978.587,176663.0
2022-01-07,982.459,987.299,971.812,976.651,129553.0
2022-01-11,981.491,983.427,966.972,980.523,131826.0
2022-01-12,988.267,1009.56,987.299,1008.59,193503.0
2022-01-13,1061.83,1061.83,1013.43,1025.05,738785.0
2022-01-14,1010.53,1024.08,997.946,1000.85,256420.0
2022-01-17,1002.79,1005.69,973.748,988.267,251565.0
2022-01-18,1005.69,1023.11,995.042,996.978,319751.0
2022-01-19,983.427,989.235,968.908,973.748,299088.0
2022-01-20,977.619,1006.66,977.619,1000.85,259313.0
2022-01-21,995.042,1021.18,991.171,1021.18,278632.0
2022-01-24,1021.18,1043.44,1020.21,1042.47,285038.0
2022-01-25,1028.92,1030.86,1012.47,1024.08,237721.0
2022-01-26,1016.34,1034.73,1016.34,1031.82,195879.0
2022-01-27,1036.66,1040.54,1002.79,1007.63,308696.0
2022-01-28,1016.34,1029.89,1009.56,1020.21,227286.0
2022-01-31,1020.21,1028.92,1010.53,1012.47,136682.0
2022-02-01,1029.89,1040.54,1021.18,1028.92,196706.0
2022-02-02,1025.05,1038.6,1022.14,1035.7,157861.0
2022-02-03,1033.76,1033.76,1016.34,1027.95,215199.0
2022-02-04,1024.08,1031.82,1014.4,1025.05,171498.0
2022-02-07,1016.34,1025.05,1007.63,1007.63,150215.0
2022-02-08,1008.59,1018.27,999.882,1000.85,80480.1
2022-02-09,1005.69,1005.69,993.106,996.978,99076.3
2022-02-10,1009.56,1016.34,1002.79,1008.59,176457.0
2022-02-14,1016.34,1025.05,1013.43,1018.27,181726.0
2022-02-15,1009.56,1028.92,1009.56,1021.18,197326.0
2022-02-16,1038.6,1046.34,1035.7,1041.5,160650.0
2022-02-17,1042.47,1058.93,1032.79,1049.25,259313.0
2022-02-18,1048.28,1056.99,1041.5,1041.5,220984.0
2022-02-21,1038.6,1048.28,1037.63,1042.47,198875.0
2022-02-22,1033.76,1041.5,1026.98,1035.7,124181.0
2022-02-24,1044.41,1049.25,1015.37,1026.02,430708.0
2022-02-25,1040.54,1045.38,1026.02,1041.5,208070.0
2022-02-28,1043.44,1052.15,1040.54,1052.15,183379.0
2022-03-01,1059.89,1066.67,1054.09,1058.93,297849.0
2022-03-02,1045.38,1052.15,1036.66,1039.57,150835.0
2022-03-03,1052.15,1059.89,1046.34,1054.09,176457.0
2022-03-04,1054.09,1060.86,1039.57,1041.5,257970.0
2022-03-07,1032.79,1042.47,1021.18,1035.7,216748.0
2022-03-08,1021.18,1023.11,993.106,998.914,255387.0
2022-03-09,998.914,1008.59,988.267,988.267,203215.0
2022-03-10,998.914,1022.14,998.914,1020.21,124491.0
2022-03-11,1002.79,1031.82,1002.79,1026.98,193607.0
2022-03-14,1032.79,1043.44,1028.92,1030.86,125834.0
2022-03-15,1026.02,1031.82,1017.3,1027.95,162303.0
2022-03-16,1033.76,1033.76,1005.69,1005.69,130173.0
2022-03-17,1026.98,1039.57,1022.14,1036.66,130999.0
2022-03-18,1032.79,1060.86,1032.79,1060.86,146703.0
2022-03-22,1076.35,1087.0,1069.57,1084.09,217885.0
2022-03-23,1094.74,1107.32,1094.74,1102.48,162406.0
2022-03-24,1102.48,1114.1,1101.52,1114.1,180796.0
2022-03-25,1117.0,1122.81,1107.32,1120.87,164473.0
2022-03-28,1135.39,1149.91,1128.62,1147.01,216542.0
2022-03-29,1159.59,1159.59,1141.2,1146.04,265925.0
2022-03-30,1156.69,1156.69,1128.62,1148.94,137611.0
2022-03-31,1133.46,1143.14,1123.78,1128.62,219641.0
2022-04-01,1117.97,1131.52,1110.23,1128.62,187408.0
2022-04-04,1132.49,1136.36,1120.87,1130.55,93394.2
2022-04-05,1145.07,1148.94,1134.43,1138.3,205384.0
2022-04-06,1138.3,1255.42,1138.3,1214.76,1014732.0
2022-04-07,1200.25,1203.15,1123.78,1128.62,299398.0
2022-04-08,1122.81,1133.46,1106.36,1125.71,186891.0
2022-04-11,1123.78,1135.39,1104.42,1108.29,138335.0
2022-04-12,1100.55,1114.1,1078.29,1078.29,109717.0
2022-04-13,1082.16,1097.64,1068.61,1079.25,134099.0
2022-04-14,1078.29,1087.0,1076.35,1082.16,68805.9
2022-04-15,1079.25,1080.22,1062.8,1062.8,71595.3
2022-04-18,1062.8,1066.67,1040.54,1044.41,113436.0
2022-04-19,1053.12,1054.09,1038.6,1047.31,89055.1
2022-04-20,1059.89,1063.77,1034.73,1048.28,137198.0
2022-04-21,1057.96,1062.8,1038.6,1054.09,341550.0
2022-04-22,1052.15,1063.77,1039.57,1041.5,147013.0
2022-04-25,1036.66,1049.25,1032.79,1044.41,158894.0
2022-04-26,1058.93,1062.8,1038.6,1038.6,132549.0
2022-04-27,1026.98,1033.76,1010.53,1025.05,222431.0
2022-04-28,1036.66,1060.86,1031.82,1056.99,126350.0
2022-05-02,1055.05,1069.57,1050.21,1066.67,116226.0
2022-05-06,1071.51,1091.84,1060.86,1090.87,170671.0
2022-05-09,1084.09,1086.03,1064.73,1080.22,126350.0
2022-05-10,1079.25,1085.06,1073.45,1078.29,94737.2
2022-05-11,1074.41,1075.38,1054.09,1056.99,93600.8
2022-05-12,1060.86,1071.51,1047.31,1048.28,95150.5
2022-05-13,1063.77,1084.09,1055.05,1078.29,115812.0
2022-05-16,1088.93,1088.93,1059.89,1065.7,133892.0
2022-05-17,1079.25,1087.96,1075.38,1080.22,73868.2
2022-05-18,1077.32,1089.9,1070.54,1082.16,52482.5
2022-05-19,1071.51,1092.8,1071.51,1086.03,69942.3
2022-05-20,1086.03,1107.32,1076.35,1107.32,112197.0
2022-05-23,1118.94,1120.87,1103.45,1108.29,86162.3
2022-05-24,1098.61,1100.55,1082.16,1085.06,72215.2
2022-05-25,1089.9,1103.45,1080.22,1085.06,97010.1
2022-05-26,1085.06,1100.55,1082.16,1090.87,88228.6
2022-05-27,1092.8,1099.58,1085.06,1090.87,190094.0
2022-05-30,1102.48,1121.84,1094.74,1117.97,260553.0
2022-05-31,1122.81,1122.81,1089.9,1090.87,200942.0
2022-06-01,1097.64,1130.55,1095.71,1127.65,90191.5
2022-06-02,1129.59,1142.17,1123.78,1139.27,77897.3
2022-06-03,1140.23,1151.85,1127.65,1144.11,114986.0
2022-06-06,1132.49,1147.01,1129.59,1141.2,80790.1
2022-06-07,1143.14,1155.72,1129.59,1146.04,103002.0
2022-06-08,1144.11,1172.18,1143.14,1165.4,125627.0
2022-06-09,1166.37,1187.66,1160.56,1173.14,108374.0
2022-06-10,1162.5,1163.46,1134.43,1138.3,158480.0
2022-06-13,1118.94,1132.49,1109.26,1117.0,89984.9
2022-06-14,1103.45,1109.26,1087.0,1090.87,120565.0
2022-06-15,1090.87,1111.2,1090.87,1093.77,98869.7
2022-06-16,1111.2,1117.97,1096.68,1102.48,92051.1
2022-06-17,1076.35,1087.96,1064.73,1081.19,127900.0
2022-06-20,1085.06,1095.71,1064.73,1078.29,138335.0
2022-06-21,1101.52,1119.91,1095.71,1112.16,103518.0
2022-06-22,1116.03,1129.59,1114.1,1120.87,92774.3
2022-06-23,1117.97,1145.07,1117.0,1142.17,66946.3
2022-06-24,1143.14,1166.37,1131.52,1163.46,158687.0
2022-06-27,1177.98,1180.89,1164.43,1174.11,101969.0
2022-06-28,1180.89,1223.48,1177.02,1217.67,187098.0
2022-06-29,1200.25,1228.32,1188.63,1224.44,171704.0
2022-06-30,1234.12,1245.74,1216.7,1219.6,223980.0
2022-07-01,1216.7,1228.32,1189.6,1196.37,175837.0
2022-07-04,1203.15,1207.99,1167.34,1176.05,132342.0
2022-07-05,1185.73,1192.5,1154.75,1183.79,227596.0
2022-07-06,1184.76,1188.63,1121.84,1147.98,448684.0
2022-07-07,1147.98,1156.69,1126.68,1146.04,167469.0
2022-07-08,1141.2,1153.78,1118.94,1139.27,217265.0
2022-07-11,1144.11,1184.76,1143.14,1180.89,228319.0
2022-07-12,1180.89,1202.18,1161.53,1197.34,192057.0
2022-07-13,1203.15,1220.57,1198.31,1216.7,165816.0
2022-07-14,1224.44,1236.06,1215.73,1234.12,145463.0
2022-07-15,1228.32,1228.32,1181.85,1195.41,153211.0
2022-07-19,1197.34,1209.92,1189.6,1205.09,93497.5
2022-07-20,1233.16,1233.16,1209.92,1228.32,156001.0
2022-07-21,1206.05,1235.09,1205.09,1234.12,107754.0
2022-07-22,1224.44,1224.44,1207.99,1208.96,92980.9
2022-07-25,1216.7,1231.22,1212.83,1223.48,61987.3
2022-07-26,1223.48,1253.48,1223.48,1249.61,94324.0
2022-07-27,1253.48,1253.48,1230.25,1233.16,63433.6
2022-07-28,1234.12,1234.12,1207.99,1228.32,97939.9
2022-07-29,1235.09,1240.9,1221.54,1235.09,117775.0
2022-08-01,1240.9,1247.67,1231.22,1247.67,72318.5
2022-08-02,1227.35,1236.06,1210.89,1236.06,161476.0
2022-08-03,1236.06,1236.06,1211.86,1226.38,97216.7
2022-08-04,1233.16,1235.09,1218.64,1225.41,39671.8
2022-08-05,1231.22,1267.03,1230.25,1265.1,152592.0
2022-08-08,1268.0,1290.26,1266.07,1286.39,160960.0
2022-08-09,1288.33,1293.17,1279.62,1283.49,81410.0
2022-08-10,1283.49,1292.2,1271.87,1279.62,78413.9
2022-08-12,1299.94,1324.14,1296.07,1324.14,133892.0
2022-08-15,1324.14,1345.44,1318.33,1338.66,122115.0
2022-08-16,1333.82,1336.73,1303.82,1335.76,125834.0
2022-08-17,1337.69,1337.69,1298.01,1306.72,239374.0
2022-08-18,1297.04,1300.91,1284.46,1290.26,147116.0
2022-08-19,1303.82,1304.78,1277.68,1298.98,112920.0
2022-08-22,1278.65,1290.26,1274.78,1284.46,138644.0
2022-08-23,1273.81,1290.26,1269.94,1283.49,95150.5
2022-08-24,1285.42,1307.69,1284.46,1303.82,100212.0
2022-08-25,1313.49,1320.27,1289.3,1316.4,132962.0
2022-08-26,1323.17,1348.34,1314.46,1340.6,144637.0
2022-08-29,1311.56,1331.89,1308.65,1331.89,153625.0
2022-08-30,1334.79,1355.12,1332.85,1351.24,137818.0
2022-08-31,1351.24,1358.99,1336.73,1349.31,124284.0
2022-09-01,1337.69,1348.34,1319.3,1325.11,127487.0
2022-09-02,1328.98,1337.69,1320.27,1325.11,80893.4
2022-09-05,1334.79,1349.31,1328.98,1337.69,143707.0
2022-09-06,1349.31,1354.15,1333.82,1345.44,119118.0
2022-09-07,1334.79,1342.53,1299.94,1305.75,192160.0
2022-09-08,1328.01,1351.24,1326.08,1351.24,141744.0
2022-09-09,1349.31,1362.86,1344.47,1358.99,139058.0
2022-09-12,1379.31,1391.9,1374.47,1390.93,148976.0
2022-09-13,1395.77,1422.87,1395.77,1405.45,175320.0
2022-09-14,1376.41,1409.32,1368.67,1384.15,117879.0
2022-09-15,1405.45,1413.19,1394.8,1408.35,114779.0
2022-09-16,1394.8,1414.16,1392.87,1397.71,90294.8
2022-09-20,1403.51,1420.94,1392.87,1400.61,163956.0
2022-09-21,1395.77,1411.26,1387.06,1411.26,91741.2
2022-09-22,1391.9,1405.45,1388.99,1400.61,100212.0
2022-09-26,1400.61,1409.32,1373.51,1374.47,163749.0
2022-09-27,1390.93,1390.93,1359.96,1385.12,110853.0
2022-09-28,1373.51,1380.28,1330.92,1355.12,180693.0
2022-09-29,1375.44,1378.35,1355.12,1370.6,154968.0
2022-09-30,1355.12,1358.99,1329.95,1342.53,265925.0
2022-10-03,1330.92,1339.63,1307.69,1336.73,252908.0
2022-10-04,1365.76,1378.35,1362.86,1374.47,372440.0
2022-10-05,1395.77,1409.32,1371.57,1379.31,317478.0
2022-10-06,1314.46,1327.05,1278.65,1288.33,695497.0
2022-10-07,1289.3,1332.85,1287.36,1325.11,415521.0
2022-10-11,1306.72,1324.14,1286.39,1295.1,275326.0
2022-10-12,1290.26,1304.78,1272.84,1298.98,200528.0
2022-10-13,1291.23,1299.94,1268.0,1291.23,244953.0
2022-10-14,1316.4,1343.5,1312.53,1330.92,195569.0
2022-10-17,1327.05,1340.6,1317.37,1328.01,145153.0
2022-10-18,1342.53,1350.28,1330.92,1332.85,139678.0
2022-10-19,1334.79,1334.79,1320.27,1328.01,73661.5
2022-10-20,1314.46,1332.85,1309.62,1332.85,83269.6
2022-10-21,1328.01,1338.66,1324.14,1332.85,97113.4
2022-10-24,1340.6,1342.53,1294.14,1294.14,188441.0
2022-10-25,1301.88,1307.69,1290.26,1290.26,174907.0
2022-10-26,1306.72,1321.24,1306.72,1319.3,140194.0
2022-10-27,1316.4,1326.08,1311.56,1325.11,88435.2
2022-10-28,1325.11,1359.96,1320.27,1350.28,480505.0
2022-10-31,1369.64,1376.41,1355.12,1376.41,213649.0
2022-11-01,1379.31,1379.31,1358.02,1366.73,113643.0
2022-11-02,1377.38,1402.55,1367.7,1394.8,288550.0
2022-11-04,1398.67,1410.29,1376.41,1376.41,239890.0
2022-11-07,1374.47,1376.41,1356.08,1358.99,152385.0
2022-11-08,1358.99,1387.06,1358.99,1376.41,190920.0
2022-11-09,1364.8,1370.6,1357.05,1369.64,191230.0
2022-11-10,1358.02,1373.51,1357.05,1368.67,172428.0
2022-11-11,1379.31,1388.03,1347.37,1362.86,373370.0
2022-11-14,1372.54,1387.06,1366.73,1377.38,207450.0
2022-11-15,1359.96,1370.6,1346.4,1355.12,238237.0
2022-11-16,1360.92,1386.09,1352.21,1377.38,228113.0
2022-11-17,1371.57,1414.16,1360.92,1406.42,227803.0
2022-11-18,1411.26,1441.26,1411.26,1438.36,370994.0
2022-11-21,1428.68,1447.07,1427.71,1433.52,249085.0
2022-11-22,1442.23,1457.72,1437.39,1437.39,238134.0
2022-11-24,1449.97,1457.72,1444.17,1449.97,299295.0
2022-11-25,1449.97,1450.94,1433.52,1444.17,359836.0
2022-11-28,1444.17,1457.72,1418.03,1419.0,1040767.0
2022-11-29,1409.0,1462.0,1400.0,1441.0,737100.0
2022-11-30,1435.0,1447.0,1394.0,1402.0,269300.0
2022-12-01,1391.0,1394.0,1365.0,1392.0,332000.0
2022-12-02,1384.0,1384.0,1341.0,1343.0,183500.0
2022-12-05,1337.0,1347.0,1321.0,1347.0,237600.0
2022-12-06,1352.0,1366.0,1333.0,1366.0,190200.0
2022-12-07,1376.0,1398.0,1376.0,1395.0,208200.0
2022-12-08,1384.0,1399.0,1367.0,1395.0,109700.0
2022-12-09,1388.0,1407.0,1386.0,1400.0,125500.0
2022-12-12,1410.0,1419.0,1405.0,1410.0,132800.0
2022-12-13,1418.0,1432.0,1411.0,1424.0,131900.0
2022-12-14,1433.0,1451.0,1428.0,1444.0,108400.0
2022-12-15,1444.0,1464.0,1444.0,1450.0,131400.0
2022-12-16,1444.0,1470.0,1440.0,1448.0,234500.0
2022-12-19,1434.0,1441.0,1427.0,1436.0,107500.0
2022-12-20,1436.0,1453.0,1345.0,1352.0,195100.0
2022-12-21,1348.0,1348.0,1308.0,1333.0,209700.0
2022-12-22,1333.0,1366.0,1328.0,1363.0,230600.0
2022-12-23,1356.0,1357.0,1334.0,1342.0,146200.0
2022-12-26,1338.0,1358.0,1338.0,1355.0,103800.0
2022-12-27,1363.0,1376.0,1356.0,1370.0,98000.0
2022-12-28,1370.0,1373.0,1337.0,1337.0,129500.0
2022-12-29,1323.0,1363.0,1323.0,1363.0,131500.0
2022-12-30,1365.0,1374.0,1358.0,1366.0,135500.0
2023-01-04,1366.0,1371.0,1340.0,1350.0,168600.0
2023-01-05,1349.0,1355.0,1335.0,1352.0,109900.0
2023-01-06,1343.0,1357.0,1334.0,1354.0,145200.0
2023-01-10,1369.0,1370.0,1350.0,1350.0,53400.0
2023-01-11,1353.0,1371.0,1352.0,1358.0,126400.0
2023-01-12,1368.0,1368.0,1340.0,1354.0,152300.0
2023-01-13,1400.0,1424.0,1384.0,1387.0,404400.0
2023-01-16,1373.0,1392.0,1365.0,1365.0,141000.0
2023-01-17,1363.0,1375.0,1353.0,1369.0,171100.0
2023-01-18,1377.0,1422.0,1376.0,1406.0,301200.0
2023-01-19,1401.0,1416.0,1394.0,1401.0,158900.0
2023-01-20,1410.0,1430.0,1405.0,1410.0,119800.0
2023-01-23,1420.0,1462.0,1411.0,1457.0,180000.0
2023-01-24,1470.0,1488.0,1462.0,1476.0,186900.0
2023-01-25,1472.0,1483.0,1466.0,1474.0,136700.0
2023-01-26,1474.0,1475.0,1454.0,1473.0,95400.0
2023-01-27,1472.0,1480.0,1462.0,1476.0,120100.0
2023-01-30,1473.0,1476.0,1454.0,1466.0,134600.0
2023-01-31,1466.0,1484.0,1466.0,1479.0,131000.0
2023-02-01,1487.0,1501.0,1466.0,1480.0,149600.0
2023-02-02,1479.0,1483.0,1460.0,1472.0,112900.0
2023-02-03,1460.0,1464.0,1428.0,1450.0,114800.0
2023-02-06,1468.0,1490.0,1466.0,1473.0,244100.0
2023-02-07,1474.0,1481.0,1420.0,1422.0,77100.0
2023-02-08,1425.0,1430.0,1420.0,1430.0,94400.0
2023-02-09,1430.0,1458.0,1428.0,1447.0,101700.0
2023-02-10,1440.0,1459.0,1432.0,1440.0,81800.0
2023-02-13,1450.0,1451.0,1429.0,1448.0,91300.0
2023-02-14,1456.0,1472.0,1450.0,1472.0,85700.0
2023-02-15,1470.0,1477.0,1439.0,1441.0,60700.0
2023-02-16,1449.0,1464.0,1445.0,1461.0,45300.0
2023-02-17,1449.0,1454.0,1429.0,1435.0,73300.0
2023-02-20,1438.0,1452.0,1431.0,1442.0,106900.0
2023-02-21,1440.0,1452.0,1438.0,1443.0,62200.0
2023-02-22,1438.0,1442.0,1424.0,1439.0,94800.0
2023-02-24,1446.0,1460.0,1446.0,1457.0,100100.0
2023-02-27,1465.0,1483.0,1460.0,1480.0,86400.0
2023-02-28,1484.0,1487.0,1473.0,1474.0,124000.0
2023-03-01,1476.0,1487.0,1464.0,1476.0,74100.0
2023-03-02,1485.0,1489.0,1470.0,1481.0,99600.0
2023-03-03,1492.0,1504.0,1483.0,1498.0,171700.0
2023-03-06,1511.0,1534.0,1510.0,1527.0,197100.0
2023-03-07,1527.0,1537.0,1507.0,1507.0,89200.0
2023-03-08,1504.0,1523.0,1504.0,1518.0,68100.0
2023-03-09,1524.0,1534.0,1518.0,1529.0,78500.0
2023-03-10,1500.0,1507.0,1472.0,1477.0,156400.0
2023-03-13,1450.0,1451.0,1427.0,1434.0,117300.0
2023-03-14,1416.0,1417.0,1383.0,1405.0,168400.0
2023-03-15,1417.0,1442.0,1415.0,1436.0,123000.0
2023-03-16,1405.0,1419.0,1392.0,1415.0,122000.0
2023-03-17,1425.0,1430.0,1408.0,1408.0,109300.0
2023-03-20,1400.0,1415.0,1378.0,1384.0,179900.0
2023-03-22,1417.0,1421.0,1382.0,1396.0,157700.0
2023-03-23,1385.0,1409.0,1379.0,1406.0,136200.0
2023-03-24,1404.0,1423.0,1402.0,1420.0,96900.0
2023-03-27,1434.0,1437.0,1417.0,1426.0,88900.0
2023-03-28,1441.0,1449.0,1425.0,1429.0,97400.0
2023-03-29,1429.0,1451.0,1429.0,1450.0,187900.0
2023-03-30,1450.0,1469.0,1447.0,1469.0,173400.0
2023-03-31,1485.0,1489.0,1468.0,1472.0,117300.0
2023-04-03,1485.0,1500.0,1472.0,1500.0,111400.0
2023-04-04,1500.0,1506.0,1482.0,1500.0,138100.0
2023-04-05,1484.0,1487.0,1449.0,1453.0,228900.0
2023-04-06,1430.0,1457.0,1403.0,1442.0,217400.0
2023-04-07,1451.0,1465.0,1450.0,1460.0,103100.0
2023-04-10,1465.0,1475.0,1461.0,1464.0,118500.0
2023-04-11,1468.0,1480.0,1465.0,1475.0,162800.0
2023-04-12,1484.0,1499.0,1479.0,1489.0,188900.0
2023-04-13,1487.0,1518.0,1473.0,1505.0,213500.0
2023-04-14,1520.0,1530.0,1516.0,1523.0,238800.0
2023-04-17,1523.0,1525.0,1498.0,1509.0,162100.0
2023-04-18,1512.0,1527.0,1512.0,1517.0,87500.0
2023-04-19,1498.0,1517.0,1495.0,1517.0,73700.0
2023-04-20,1525.0,1530.0,1512.0,1516.0,104100.0
2023-04-21,1510.0,1524.0,1506.0,1516.0,56100.0
2023-04-24,1533.0,1549.0,1531.0,1538.0,82500.0
2023-04-25,1550.0,1568.0,1546.0,1550.0,108300.0
2023-04-26,1543.0,1543.0,1524.0,1536.0,119200.0
2023-04-27,1573.0,1577.0,1555.0,1572.0,181800.0
2023-04-28,1594.0,1620.0,1588.0,1614.0,231800.0
2023-05-01,1618.0,1640.0,1603.0,1633.0,171700.0
2023-05-02,1637.0,1640.0,1619.0,1628.0,121900.0
2023-05-08,1628.0,1649.0,1623.0,1642.0,113200.0
2023-05-09,1642.0,1669.0,1637.0,1660.0,177100.0
2023-05-10,1664.0,1667.0,1655.0,1655.0,100400.0
2023-05-11,1650.0,1650.0,1620.0,1623.0,83300.0
2023-05-12,1612.0,1632.0,1609.0,1629.0,74600.0
2023-05-15,1636.0,1643.0,1606.0,1613.0,84000.0
2023-05-16,1623.0,1637.0,1615.0,1637.0,87500.0
2023-05-17,1637.0,1674.0,1632.0,1665.0,111600.0
2023-05-18,1677.0,1677.0,1649.0,1663.0,80400.0
2023-05-19,1660.0,1660.0,1636.0,1641.0,48300.0
2023-05-22,1625.0,1668.0,1625.0,1668.0,99700.0
2023-05-23,1675.0,1683.0,1634.0,1644.0,58200.0
2023-05-24,1634.0,1655.0,1628.0,1650.0,88000.0
2023-05-25,1636.0,1644.0,1629.0,1641.0,73700.0
2023-05-26,1650.0,1650.0,1637.0,1644.0,113000.0
2023-05-29,1669.0,1683.0,1653.0,1682.0,259400.0
2023-05-30,1670.0,1682.0,1635.0,1661.0,150300.0
2023-05-31,1649.0,1667.0,1640.0,1667.0,182800.0
2023-06-01,1650.0,1694.0,1650.0,1687.0,119900.0
2023-06-02,1700.0,1714.0,1691.0,1698.0,134000.0
2023-06-05,1735.0,1745.0,1710.0,1714.0,84400.0
2023-06-06,1700.0,1717.0,1687.0,1712.0,42900.0
2023-06-07,1730.0,1747.0,1701.0,1701.0,182800.0
2023-06-08,1720.0,1726.0,1685.0,1698.0,97600.0
2023-06-09,1720.0,1720.0,1694.0,1716.0,94900.0
2023-06-12,1730.0,1754.0,1724.0,1733.0,156500.0
2023-06-13,1745.0,1758.0,1734.0,1745.0,76400.0
2023-06-14,1758.0,1765.0,1740.0,1749.0,109200.0
2023-06-15,1763.0,1829.0,1763.0,1802.0,274000.0
2023-06-16,1805.0,1805.0,1753.0,1753.0,329000.0
2023-06-19,1782.0,1799.0,1770.0,1799.0,200100.0
2023-06-20,1794.0,1806.0,1782.0,1806.0,125300.0
2023-06-21,1811.0,1824.0,1805.0,1816.0,138800.0
2023-06-22,1831.0,1868.0,1831.0,1850.0,190500.0
2023-06-23,1860.0,1873.0,1809.0,1819.0,126200.0
2023-06-26,1826.0,1831.0,1780.0,1794.0,101700.0
2023-06-27,1780.0,1784.0,1740.0,1755.0,127400.0
2023-06-28,1773.0,1782.0,1760.0,1781.0,61300.0
2023-06-29,1783.0,1798.0,1762.0,1767.0,71700.0
2023-06-30,1753.0,1759.0,1727.0,1744.0,107300.0
2023-07-03,1770.0,1803.0,1770.0,1782.0,187200.0
2023-07-04,1788.0,1817.0,1777.0,1816.0,243600.0
2023-07-05,1838.0,1876.0,1788.0,1868.0,648000.0
2023-07-06,1948.0,1949.0,1785.0,1810.0,936800.0
2023-07-07,1800.0,1819.0,1771.0,1795.0,262700.0
2023-07-10,1788.0,1822.0,1776.0,1803.0,205700.0
2023-07-11,1795.0,1812.0,1788.0,1790.0,205600.0
2023-07-12,1781.0,1784.0,1742.0,1742.0,295900.0
2023-07-13,1727.0,1744.0,1694.0,1721.0,285600.0
2023-07-14,1722.0,1744.0,1707.0,1716.0,96900.0
2023-07-18,1713.0,1721.0,1704.0,1713.0,126000.0
2023-07-19,1729.0,1756.0,1720.0,1753.0,90200.0
2023-07-20,1762.0,1781.0,1745.0,1774.0,126300.0
2023-07-21,1776.0,1776.0,1745.0,1755.0,90400.0
2023-07-24,1773.0,1794.0,1768.0,1784.0,51000.0
2023-07-25,1795.0,1822.0,1788.0,1819.0,160100.0
2023-07-26,1828.0,1828.0,1807.0,1819.0,123200.0
2023-07-27,1815.0,1815.0,1782.0,1787.0,185300.0
2023-07-28,1760.0,1779.0,1734.0,1759.0,246900.0
2023-07-31,1788.0,1788.0,1753.0,1761.0,183300.0
2023-08-01,1774.0,1784.0,1760.0,1779.0,180300.0
2023-08-02,1770.0,1795.0,1763.0,1763.0,174900.0
2023-08-03,1747.0,1747.0,1706.0,1710.0,207200.0
2023-08-04,1701.0,1709.0,1677.0,1689.0,237200.0
2023-08-07,1698.0,1716.0,1689.0,1703.0,176400.0
2023-08-08,1708.0,1718.0,1699.0,1710.0,77900.0
2023-08-09,1712.0,1713.0,1696.0,1706.0,62700.0
2023-08-10,1700.0,1748.0,1698.0,1745.0,79000.0
2023-08-14,1740.0,1745.0,1700.0,1703.0,160700.0
2023-08-15,1713.0,1713.0,1686.0,1694.0,113900.0
2023-08-16,1684.0,1696.0,1678.0,1687.0,154200.0
2023-08-17,1687.0,1707.0,1682.0,1705.0,66900.0
2023-08-18,1698.0,1701.0,1681.0,1690.0,108200.0
2023-08-21,1700.0,1722.0,1695.0,1711.0,122800.0
2023-08-22,1720.0,1730.0,1708.0,1725.0,117200.0
2023-08-23,1724.0,1764.0,1719.0,1762.0,79900.0
2023-08-24,1761.0,1761.0,1734.0,1743.0,111300.0
2023-08-25,1734.0,1745.0,1721.0,1744.0,140000.0
2023-08-28,1758.0,1768.0,1750.0,1768.0,142300.0
2023-08-29,1780.0,1794.0,1773.0,1788.0,133100.0
2023-08-30,1788.0,1802.0,1784.0,1799.0,76000.0
2023-08-31,1829.0,1850.0,1811.0,1835.0,217300.0
2023-09-01,1840.0,1865.0,1823.0,1864.0,103000.0
2023-09-04,1870.0,1926.0,1870.0,1924.0,166800.0
2023-09-05,1924.0,1945.0,1909.0,1945.0,170500.0
2023-09-06,1938.0,1938.0,1907.0,1926.0,121100.0
2023-09-07,1903.0,1949.0,1895.0,1936.0,116600.0
2023-09-08,1911.0,1939.0,1900.0,1912.0,123500.0
2023-09-11,1924.0,1926.0,1875.0,1888.0,99100.0
2023-09-12,1901.0,1916.0,1891.0,1912.0,63200.0
2023-09-13,1912.0,1924.0,1894.0,1921.0,87300.0
2023-09-14,1924.0,1948.0,1921.0,1946.0,64100.0
2023-09-15,1969.0,2009.0,1965.0,2003.0,144200.0
2023-09-19,2021.0,2033.0,2003.0,2031.0,157000.0
2023-09-20,2040.0,2040.0,1978.0,1978.0,110000.0
2023-09-21,1961.0,1983.0,1943.0,1952.0,72800.0
2023-09-22,1916.0,1964.0,1910.0,1942.0,108900.0
2023-09-25,1955.0,1965.0,1933.0,1959.0,89700.0
2023-09-26,1964.0,1968.0,1947.0,1952.0,108400.0
2023-09-27,1949.0,1981.0,1925.0,1981.0,144200.0
2023-09-28,1959.0,1981.0,1947.0,1965.0,171200.0
2023-09-29,1972.0,1975.0,1926.0,1931.0,140400.0
2023-10-02,1935.0,1963.0,1921.0,1924.0,171500.0
2023-10-03,1921.0,1936.0,1903.0,1909.0,137600.0
2023-10-04,1878.0,1889.0,1806.0,1814.0,237700.0
2023-10-05,1847.0,1901.0,1842.0,1899.0,427500.0
2023-10-06,1740.0,1866.0,1707.0,1865.0,607900.0
2023-10-10,1860.0,1885.0,1824.0,1860.0,378800.0
2023-10-11,1876.0,1880.0,1843.0,1843.0,181700.0
2023-10-12,1866.0,1880.0,1854.0,1874.0,171500.0
2023-10-13,1854.0,1873.0,1818.0,1825.0,151100.0
2023-10-16,1822.0,1837.0,1784.0,1791.0,213400.0
2023-10-17,1810.0,1834.0,1792.0,1800.0,163000.0
2023-10-18,1822.0,1824.0,1799.0,1813.0,160300.0
2023-10-19,1780.0,1810.0,1775.0,1784.0,115900.0
2023-10-20,1782.0,1788.0,1758.0,1768.0,120600.0
2023-10-23,1765.0,1780.0,1737.0,1737.0,147000.0
2023-10-24,1756.0,1759.0,1688.0,1742.0,207100.0
2023-10-25,1753.0,1773.0,1746.0,1752.0,116000.0
2023-10-26,1732.0,1749.0,1705.0,1718.0,141900.0
2023-10-27,1730.0,1760.0,1726.0,1758.0,104900.0
2023-10-30,1754.0,1769.0,1731.0,1743.0,201000.0
2023-10-31,1745.0,1779.0,1724.0,1772.0,278300.0
2023-11-01,1812.0,1828.0,1780.0,1798.0,238200.0
2023-11-02,1835.0,1864.0,1814.0,1864.0,266600.0
2023-11-06,1904.0,1940.0,1899.0,1937.0,267200.0
2023-11-07,1934.0,1945.0,1923.0,1943.0,200500.0
2023-11-08,1953.0,1960.0,1890.0,1907.0,258200.0
2023-11-09,1911.0,1916.0,1875.0,1900.0,226600.0
2023-11-10,1895.0,1923.0,1884.0,1923.0,163200.0
2023-11-13,1931.0,1941.0,1905.0,1907.0,140400.0
2023-11-14,1918.0,1920.0,1901.0,1904.0,149400.0
2023-11-15,1928.0,1933.0,1899.0,1910.0,213800.0
2023-11-16,1909.0,1921.0,1903.0,1914.0,223000.0
2023-11-17,1905.0,1914.0,1898.0,1912.0,191700.0
2023-11-20,1912.0,1926.0,1891.0,1891.0,231500.0
2023-11-21,1882.0,1898.0,1872.0,1891.0,196600.0
2023-11-22,1891.0,1923.0,1890.0,1914.0,265800.0
2023-11-24,1927.0,1935.0,1920.0,1921.0,334400.0
2023-11-27,1920.0,1924.0,1889.0,1900.0,553400.0
2023-11-28,1940.0,1960.0,1915.0,1923.0,1159400.0
2023-11-29,1845.0,1874.0,1835.0,1849.0,1033200.0
2023-11-30,1835.0,1845.0,1787.0,1801.0,463700.0
2023-12-01,1802.0,1826.0,1796.0,1801.0,311000.0
2023-12-04,1816.0,1867.0,1806.0,1855.0,343300.0
2023-12-05,1860.0,1872.0,1813.0,1814.0,144500.0
2023-12-06,1795.0,1855.0,1795.0,1853.0,149000.0
2023-12-07,1840.0,1845.0,1811.0,1836.0,151100.0
2023-12-08,1813.0,1819.0,1757.0,1764.0,249400.0
2023-12-11,1781.0,1797.0,1774.0,1797.0,164500.0
2023-12-12,1812.0,1828.0,1806.0,1823.0,168500.0
2023-12-13,1839.0,1847.0,1809.0,1816.0,107100.0
2023-12-14,1837.0,1837.0,1771.0,1775.0,94900.0
2023-12-15,1780.0,1809.0,1778.0,1803.0,153200.0
2023-12-18,1795.0,1798.0,1772.0,1788.0,94600.0
2023-12-19,1788.0,1798.0,1767.0,1793.0,70700.0
2023-12-20,1793.0,1840.0,1793.0,1836.0,146600.0
2023-12-21,1836.0,1886.0,1826.0,1874.0,262800.0
2023-12-22,1859.0,1900.0,1847.0,1900.0,217300.0
2023-12-25,1906.0,1923.0,1898.0,1905.0,122400.0
2023-12-26,1905.0,1937.0,1902.0,1937.0,210700.0
2023-12-27,1937.0,1965.0,1926.0,1965.0,193100.0
2023-12-28,1965.0,1986.0,1953.0,1978.0,75000.0
2023-12-29,1982.0,2032.0,1981.0,1997.0,213300.0
2024-01-04,1970.0,1985.0,1936.0,1966.0,118700.0
2024-01-05,1956.0,2009.0,1956.0,2003.0,167200.0
2024-01-09,2007.0,2076.0,2007.0,2076.0,184200.0
2024-01-10,2073.0,2107.0,2062.0,2101.0,135900.0
2024-01-11,2118.0,2138.0,2105.0,2126.0,111700.0
2024-01-12,2126.0,2138.0,2097.0,2110.0,197400.0
2024-01-15,2258.0,2265.0,2176.0,2235.0,366900.0
2024-01-16,2285.0,2293.0,2244.0,2266.0,253500.0
2024-01-17,2261.0,2276.0,2241.0,2255.0,229700.0
2024-01-18,2225.0,2243.0,2201.0,2201.0,167600.0
2024-01-19,2224.0,2224.0,2190.0,2206.0,118900.0
2024-01-22,2222.0,2242.0,2213.0,2228.0,86400.0
2024-01-23,2241.0,2249.0,2189.0,2189.0,101000.0
2024-01-24,2184.0,2190.0,2153.0,2158.0,110600.0
2024-01-25,2141.0,2194.0,2136.0,2177.0,116000.0
2024-01-26,2171.0,2186.0,2140.0,2145.0,128300.0
2024-01-29,2140.0,2176.0,2140.0,2159.0,88200.0
2024-01-30,2140.0,2154.0,2099.0,2100.0,111700.0
2024-01-31,2101.0,2148.0,2098.0,2144.0,85100.0
2024-02-01,2146.0,2146.0,2116.0,2119.0,88100.0
2024-02-02,2101.0,2109.0,2082.0,2095.0,113300.0
2024-02-05,2099.0,2143.0,2081.0,2127.0,97500.0
2024-02-06,2098.0,2100.0,2024.0,2025.0,100200.0
2024-02-07,2025.0,2057.0,2024.0,2035.0,102900.0
2024-02-08,2035.0,2035.0,1994.0,2006.0,123500.0
2024-02-09,2010.0,2040.0,1997.0,2006.0,129600.0
2024-02-13,2030.0,2056.0,2011.0,2051.0,135200.0
2024-02-14,2035.0,2044.0,1996.0,2004.0,94000.0
2024-02-15,2024.0,2035.0,1999.0,2020.0,102400.0
2024-02-16,2039.0,2057.0,2017.0,2055.0,83500.0
2024-02-19,2065.0,2068.0,2034.0,2060.0,60400.0
2024-02-20,2070.0,2084.0,2050.0,2058.0,104400.0
2024-02-21,2055.0,2066.0,2019.0,2034.0,75300.0
2024-02-22,2016.0,2027.0,1996.0,2017.0,124200.0
2024-02-26,2033.0,2033.0,2002.0,2011.0,186500.0
2024-02-27,2027.0,2053.0,2020.0,2029.0,87500.0
2024-02-28,2043.0,2057.0,2022.0,2035.0,68900.0
2024-02-29,2026.0,2045.0,2022.0,2043.0,76500.0
2024-03-01,2032.0,2032.0,1992.0,2000.0,127700.0
2024-03-04,2002.0,2031.0,1998.0,2001.0,106800.0
2024-03-05,1998.0,1998.0,1965.0,1993.0,103900.0
2024-03-06,1989.0,2040.0,1984.0,2010.0,100900.0
2024-03-07,2020.0,2052.0,2014.0,2026.0,95300.0
2024-03-08,2044.0,2089.0,2020.0,2076.0,160000.0
2024-03-11,2071.0,2097.0,2061.0,2088.0,166000.0
2024-03-12,2087.0,2087.0,2033.0,2086.0,145600.0
2024-03-13,2093.0,2132.0,2090.0,2118.0,172100.0
2024-03-14,2122.0,2142.0,2084.0,2130.0,111700.0
2024-03-15,2127.0,2177.0,2122.0,2163.0,121100.0
2024-03-18,2189.0,2238.0,2181.0,2216.0,191000.0
2024-03-19,2217.0,2305.0,2216.0,2292.0,202100.0
2024-03-21,2342.0,2348.0,2291.0,2310.0,138200.0
2024-03-22,2348.0,2368.0,2313.0,2356.0,169900.0
2024-03-25,2336.0,2363.0,2305.0,2305.0,104500.0
2024-03-26,2302.0,2371.0,2300.0,2354.0,117600.0
2024-03-27,2395.0,2447.0,2395.0,2424.0,131000.0
2024-03-28,2424.0,2459.0,2391.0,2393.0,145400.0
2024-03-29,2420.0,2502.0,2420.0,2475.0,137700.0
2024-04-01,2476.0,2490.0,2422.0,2429.0,125100.0
2024-04-02,2424.0,2436.0,2380.0,2408.0,135300.0
2024-04-03,2407.0,2450.0,2387.0,2423.0,120200.0
2024-04-04,2437.0,2473.0,2418.0,2440.0,120600.0
2024-04-05,2400.0,2430.0,2388.0,2411.0,118700.0
2024-04-08,2611.0,2625.0,2515.0,2559.0,456200.0
2024-04-09,2609.0,2613.0,2520.0,2533.0,187500.0
2024-04-10,2507.0,2555.0,2492.0,2492.0,135100.0
2024-04-11,2480.0,2492.0,2427.0,2442.0,208000.0
2024-04-12,2417.0,2478.0,2405.0,2474.0,169100.0
2024-04-15,2452.0,2452.0,2403.0,2445.0,89900.0
2024-04-16,2433.0,2441.0,2395.0,2410.0,117900.0
2024-04-17,2395.0,2431.0,2369.0,2397.0,162500.0
2024-04-18,2409.0,2425.0,2383.0,2405.0,68700.0
2024-04-19,2417.0,2430.0,2377.0,2394.0,180000.0
2024-04-22,2409.0,2430.0,2388.0,2396.0,89200.0
2024-04-23,2400.0,2405.0,2361.0,2395.0,138300.0
2024-04-24,2400.0,2414.0,2379.0,2405.0,101000.0
2024-04-25,2404.0,2442.0,2396.0,2419.0,93500.0
2024-04-26,2419.0,2442.0,2390.0,2434.0,106600.0
2024-04-30,2478.0,2512.0,2458.0,2470.0,143900.0
2024-05-01,2452.0,2452.0,2409.0,2423.0,56400.0
2024-05-02,2445.0,2485.0,2421.0,2432.0,152600.0
2024-05-07,2470.0,2517.0,2446.0,2464.0,72100.0
2024-05-08,2440.0,2441.0,2395.0,2400.0,113700.0
2024-05-09,2390.0,2412.0,2363.0,2400.0,74500.0
2024-05-10,2400.0,2421.0,2396.0,2400.0,126700.0
2024-05-13,2357.0,2376.0,2335.0,2350.0,88600.0
2024-05-14,2365.0,2393.0,2351.0,2382.0,94500.0
2024-05-15,2407.0,2416.0,2384.0,2400.0,88300.0
2024-05-16,2411.0,2427.0,2348.0,2369.0,106000.0
2024-05-17,2354.0,2392.0,2343.0,2371.0,97200.0
2024-05-20,2362.0,2408.0,2362.0,2373.0,90000.0
2024-05-21,2374.0,2385.0,2327.0,2327.0,67500.0
2024-05-22,2310.0,2313.0,2276.0,2289.0,143200.0
2024-05-23,2269.0,2280.0,2245.0,2268.0,121300.0
2024-05-24,2218.0,2252.0,2191.0,2200.0,206900.0
2024-05-27,2219.0,2236.0,2193.0,2209.0,193800.0
2024-05-28,2208.0,2232.0,2194.0,2206.0,154400.0
2024-05-29,2204.0,2210.0,2161.0,2166.0,300600.0
2024-05-30,2157.0,2202.0,2129.0,2192.0,229900.0
2024-05-31,2225.0,2263.0,2209.0,2255.0,139000.0
2024-06-03,2280.0,2302.0,2256.0,2257.0,87400.0
2024-06-04,2288.0,2349.0,2260.0,2349.0,103800.0
2024-06-05,2359.0,2384.0,2332.0,2362.0,131300.0
2024-06-06,2400.0,2400.0,2313.0,2327.0,152000.0
2024-06-07,2361.0,2367.0,2335.0,2354.0,77200.0
2024-06-10,2384.0,2449.0,2384.0,2423.0,124100.0
2024-06-11,2445.0,2446.0,2399.0,2403.0,78900.0
2024-06-12,2383.0,2452.0,2383.0,2418.0,124100.0
2024-06-13,2409.0,2417.0,2335.0,2335.0,66500.0
2024-06-14,2313.0,2392.0,2311.0,2375.0,101000.0
2024-06-17,2335.0,2346.0,2291.0,2291.0,86400.0
2024-06-18,2293.0,2316.0,2288.0,2291.0,98100.0
2024-06-19,2300.0,2353.0,2300.0,2349.0,39600.0
2024-06-20,2331.0,2349.0,2316.0,2339.0,48800.0
2024-06-21,2350.0,2375.0,2331.0,2333.0,112200.0
2024-06-24,2353.0,2368.0,2321.0,2344.0,71700.0
2024-06-25,2372.0,2418.0,2372.0,2418.0,91100.0
2024-06-26,2428.0,2468.0,2414.0,2457.0,141600.0
2024-06-27,2449.0,2466.0,2443.0,2464.0,65100.0
2024-06-28,2470.0,2478.0,2421.0,2430.0,78000.0
2024-07-01,2466.0,2495.0,2445.0,2448.0,84600.0
2024-07-02,2454.0,2470.0,2431.0,2460.0,90100.0
2024-07-03,2475.0,2506.0,2473.0,2483.0,80700.0
2024-07-04,2482.0,2528.0,2478.0,2528.0,68700.0
2024-07-05,2544.0,2549.0,2465.0,2476.0,165000.0
2024-07-08,2487.0,2547.0,2483.0,2513.0,193500.0
2024-07-09,2493.0,2518.0,2458.0,2458.0,95500.0
2024-07-10,2458.0,2546.0,2447.0,2536.0,130500.0
2024-07-11,2536.0,2540.0,2477.0,2487.0,124700.0
2024-07-12,2494.0,2590.0,2492.0,2583.0,143400.0
2024-07-16,2606.0,2641.0,2579.0,2621.0,119400.0
2024-07-17,2650.0,2650.0,2600.0,2603.0,71200.0
2024-07-18,2584.0,2637.0,2580.0,2603.0,62400.0
2024-07-19,2603.0,2603.0,2561.0,2590.0,52400.0
2024-07-22,2562.0,2568.0,2513.0,2527.0,48900.0
2024-07-23,2558.0,2607.0,2554.0,2589.0,87900.0
2024-07-24,2561.0,2569.0,2514.0,2516.0,47100.0
2024-07-25,2490.0,2496.0,2422.0,2452.0,84100.0
2024-07-26,2464.0,2504.0,2440.0,2477.0,51900.0
2024-07-29,2512.0,2562.0,2487.0,2556.0,75300.0
2024-07-30,2535.0,2550.0,2499.0,2516.0,77200.0
2024-07-31,2490.0,2517.0,2474.0,2517.0,79600.0
2024-08-01,2472.0,2472.0,2328.0,2341.0,112700.0
2024-08-02,2233.0,2254.0,2203.0,2222.0,114800.0
2024-08-05,2084.0,2126.0,1919.0,1969.0,184800.0
2024-08-06,2075.0,2153.0,2015.0,2063.0,204600.0
2024-08-07,2030.0,2148.0,2003.0,2077.0,301800.0
2024-08-08,2041.0,2125.0,2023.0,2071.0,129300.0
2024-08-09,2075.0,2101.0,2035.0,2062.0,174600.0
2024-08-13,2111.0,2226.0,2111.0,2223.0,254900.0
2024-08-14,2230.0,2273.0,2225.0,2260.0,134600.0
2024-08-15,2260.0,2306.0,2253.0,2284.0,104400.0
2024-08-16,2298.0,2308.0,2263.0,2295.0,69000.0
2024-08-19,2284.0,2327.0,2276.0,2281.0,74400.0
2024-08-20,2303.0,2329.0,2292.0,2322.0,66100.0
2024-08-21,2300.0,2332.0,2287.0,2326.0,76000.0
2024-08-22,2333.0,2354.0,2307.0,2324.0,42200.0
2024-08-23,2325.0,2358.0,2325.0,2358.0,73200.0
2024-08-26,2360.0,2367.0,2341.0,2363.0,29000.0
2024-08-27,2370.0,2429.0,2370.0,2420.0,59000.0
2024-08-28,2395.0,2399.0,2370.0,2374.0,67800.0
2024-08-29,2375.0,2377.0,2338.0,2351.0,47800.0
2024-08-30,2347.0,2354.0,2334.0,2336.0,132400.0
2024-09-02,2376.0,2463.0,2368.0,2463.0,102200.0
2024-09-03,2480.0,2497.0,2456.0,2475.0,57200.0
2024-09-04,2392.0,2414.0,2353.0,2365.0,89700.0
2024-09-05,2350.0,2397.0,2338.0,2354.0,62900.0
2024-09-06,2354.0,2376.0,2297.0,2324.0,71100.0
2024-09-09,2261.0,2280.0,2250.0,2262.0,63500.0
2024-09-10,2261.0,2301.0,2261.0,2272.0,61900.0
2024-09-11,2263.0,2263.0,2137.0,2164.0,137900.0
2024-09-12,2210.0,2222.0,2178.0,2181.0,99400.0
2024-09-13,2152.0,2165.0,2140.0,2146.0,137200.0
2024-09-17,2196.0,2243.0,2187.0,2221.0,126500.0
2024-09-18,2242.0,2261.0,2230.0,2242.0,76100.0
2024-09-19,2277.0,2284.0,2258.0,2258.0,68900.0
2024-09-20,2270.0,2285.0,2266.0,2268.0,74000.0
2024-09-24,2282.0,2292.0,2244.0,2244.0,112000.0
2024-09-25,2239.0,2261.0,2222.0,2246.0,107600.0
2024-09-26,2276.0,2369.0,2274.0,2361.0,123800.0
2024-09-27,2370.0,2407.0,2365.0,2407.0,81900.0
2024-09-30,2330.0,2344.0,2300.0,2300.0,131300.0
2024-10-01,2335.0,2364.0,2324.0,2352.0,113400.0
2024-10-02,2362.0,2415.0,2360.0,2390.0,166800.0
2024-10-03,2461.0,2465.0,2408.0,2416.0,179900.0
2024-10-04,2416.0,2429.0,2410.0,2422.0,134000.0
2024-10-07,2482.0,2483.0,2442.0,2462.0,227400.0
2024-10-08,2334.0,2398.0,2325.0,2347.0,404800.0
2024-10-09,2375.0,2377.0,2287.0,2318.0,257800.0
2024-10-10,2314.0,2339.0,2307.0,2317.0,122700.0
2024-10-11,2335.0,2342.0,2311.0,2322.0,136000.0
2024-10-15,2348.0,2402.0,2348.0,2382.0,221400.0
2024-10-16,2361.0,2429.0,2361.0,2410.0,124200.0
2024-10-17,2416.0,2427.0,2392.0,2397.0,132600.0
2024-10-18,2414.0,2432.0,2401.0,2412.0,80000.0
2024-10-21,2399.0,2435.0,2387.0,2402.0,90700.0
2024-10-22,2392.0,2400.0,2348.0,2362.0,104300.0
2024-10-23,2353.0,2388.0,2341.0,2342.0,59500.0
2024-10-24,2339.0,2365.0,2313.0,2349.0,87400.0
2024-10-25,2360.0,2360.0,2310.0,2314.0,77900.0
2024-10-28,2323.0,2366.0,2323.0,2357.0,64000.0
2024-10-29,2362.0,2399.0,2362.0,2392.0,112400.0
2024-10-30,2392.0,2435.0,2380.0,2398.0,238100.0
2024-10-31,2398.0,2427.0,2398.0,2401.0,155000.0
2024-11-01,2370.0,2410.0,2370.0,2378.0,107600.0
2024-11-05,2410.0,2417.0,2357.0,2372.0,158000.0
2024-11-06,2410.0,2473.0,2410.0,2470.0,203700.0
2024-11-07,2474.0,2494.0,2459.0,2478.0,140600.0
2024-11-08,2494.0,2504.0,2472.0,2482.0,144000.0
2024-11-11,2503.0,2515.0,2485.0,2513.0,133700.0
2024-11-12,2486.0,2520.0,2473.0,2476.0,187800.0
2024-11-13,2476.0,2483.0,2412.0,2424.0,234600.0
2024-11-14,2405.0,2440.0,2350.0,2360.0,321900.0
2024-11-15,2349.0,2398.0,2338.0,2379.0,247700.0
2024-11-18,2394.0,2414.0,2378.0,2378.0,249100.0
2024-11-19,2383.0,2408.0,2368.0,2381.0,184400.0
2024-11-20,2379.0,2384.0,2342.0,2343.0,290000.0
2024-11-21,2341.0,2375.0,2326.0,2372.0,250300.0
2024-11-22,2368.0,2380.0,2343.0,2353.0,271700.0
2024-11-25,2387.0,2420.0,2365.0,2398.0,503500.0
2024-11-26,2398.0,2475.0,2398.0,2444.0,562300.0
2024-11-27,2360.0,2435.0,2360.0,2417.0,1102800.0
2024-11-28,2337.0,2399.0,2331.0,2379.0,877600.0
2024-11-29,2388.0,2453.0,2378.0,2439.0,468600.0
2024-12-02,2441.0,2457.0,2412.0,2430.0,289400.0
2024-12-03,2444.0,2609.0,2444.0,2597.0,436100.0
2024-12-04,2620.0,2629.0,2565.0,2574.0,213100.0
2024-12-05,2578.0,2604.0,2553.0,2591.0,98500.0
2024-12-06,2609.0,2642.0,2582.0,2622.0,149600.0
2024-12-09,2629.0,2630.0,2575.0,2591.0,154000.0
2024-12-10,2600.0,2601.0,2576.0,2586.0,96900.0
2024-12-11,2597.0,2600.0,2554.0,2572.0,122600.0
2024-12-12,2579.0,2608.0,2573.0,2589.0,105800.0
2024-12-13,2545.0,2581.0,2517.0,2529.0,130800.0
2024-12-16,2515.0,2537.0,2489.0,2502.0,111400.0
2024-12-17,2481.0,2515.0,2464.0,2477.0,180500.0
2024-12-18,2490.0,2547.0,2485.0,2522.0,147500.0
2024-12-19,2466.0,2502.0,2461.0,2468.0,142400.0
2024-12-20,2496.0,2516.0,2468.0,2468.0,120000.0
2024-12-23,2450.0,2482.0,2436.0,2470.0,125600.0
2024-12-24,2454.0,2474.0,2427.0,2471.0,139800.0
2024-12-25,2481.0,2489.0,2461.0,2488.0,41800.0
2024-12-26,2479.0,2507.0,2474.0,2490.0,139500.0
2024-12-27,2490.0,2518.0,2490.0,2514.0,109000.0
2024-12-30,2550.0,2566.0,2514.0,2518.0,92500.0
2025-01-06,2517.0,2536.0,2433.0,2433.0,149600.0
2025-01-07,2443.0,2485.0,2440.0,2466.0,136400.0
2025-01-08,2456.0,2457.0,2413.0,2414.0,104200.0
2025-01-09,2397.0,2432.0,2387.0,2428.0,95800.0
2025-01-10,2424.0,2454.0,2351.0,2418.0,194600.0
2025-01-14,2452.0,2455.0,2321.0,2360.0,250700.0
2025-01-15,2376.0,2401.0,2360.0,2383.0,146600.0
2025-01-16,2390.0,2396.0,2328.0,2334.0,112400.0
2025-01-17,2334.0,2348.0,2310.0,2340.0,118700.0
2025-01-20,2345.0,2363.0,2333.0,2360.0,92200.0
2025-01-21,2365.0,2372.0,2337.0,2337.0,65800.0
2025-01-22,2336.0,2351.0,2308.0,2327.0,119300.0
2025-01-23,2327.0,2380.0,2320.0,2358.0,111100.0
2025-01-24,2380.0,2449.0,2380.0,2396.0,173600.0
2025-01-27,2420.0,2429.0,2393.0,2402.0,81100.0
2025-01-28,2410.0,2442.0,2406.0,2424.0,74800.0
2025-01-29,2444.0,2447.0,2416.0,2430.0,111600.0
2025-01-30,2408.0,2438.0,2405.0,2422.0,69400.0
2025-01-31,2437.0,2437.0,2396.0,2396.0,75700.0
